president,subgroup,modeldate,startdate,enddate,pollster,grade,samplesize,population,weight,influence,approve,disapprove,adjusted_approve,adjusted_disapprove,multiversions,tracking,url,poll_id,question_id,createddate,timestamp
Donald Trump,Voters,4/30/2020,5/28/2019,4/30/2020,YouGov,B-,796,rv,0.11578367,0,44,52,43.27513,51.554317,,,https://d25d2506sfb94s.cloudfront.net/cumulus_uploads/document/9ea0fuoqla/tabs_Trump_Tweets_20190528.pdf,58178,94719,6/3/2019,4/30/2020 15:46
Donald Trump,Voters,4/30/2020,5/29/2019,4/30/2020,YouGov,B-,771,rv,0.11274506,0,44,54,43.27513,53.554317,,,https://d25d2506sfb94s.cloudfront.net/cumulus_uploads/document/3p0t2y2i90/tabs_Trump_Tweets_20190529.pdf,58179,94721,6/3/2019,4/30/2020 15:46
Donald Trump,Voters,4/30/2020,5/30/2019,4/29/2020,YouGov,B-,734,rv,0.10739419,0,44,54,43.27513,53.554317,,,https://d25d2506sfb94s.cloudfront.net/cumulus_uploads/document/45yalqp5nb/tabs_Trump_Tweets_20190530.pdf,58180,94723,6/3/2019,4/30/2020 15:46
Donald Trump,Voters,4/30/2020,5/31/2019,4/29/2020,YouGov,B-,740,rv,0.10777215,0,46,50,45.27513,49.554317,,,https://d25d2506sfb94s.cloudfront.net/cumulus_uploads/document/wcrj6slk3r/tabs_Trump_Tweets_20190531.pdf,58181,94725,6/3/2019,4/30/2020 15:46
Donald Trump,Voters,4/30/2020,6/1/2019,4/29/2020,YouGov,B-,728,rv,0.10553501,0,44,53,43.27513,52.554317,,,https://d25d2506sfb94s.cloudfront.net/cumulus_uploads/document/453sf40iot/tabs_Trump_Tweets_20190601.pdf,58182,94727,6/3/2019,4/30/2020 15:46
Donald Trump,Voters,4/30/2020,6/2/2019,4/28/2020,YouGov,B-,717,rv,0.10345932,0,46,50,45.27513,49.554317,,,https://d25d2506sfb94s.cloudfront.net/cumulus_uploads/document/my2qwqegyn/tabs_Trump_Tweets_20190602.pdf,58421,97733,6/11/2019,4/30/2020 15:46
Donald Trump,Voters,4/30/2020,6/2/2019,4/28/2020,YouGov,B-,1195,rv,0.1724322,0,45,53,44.27513,52.554317,,,https://d25d2506sfb94s.cloudfront.net/cumulus_uploads/document/c4ndc02jx7/econTabReport.pdf,58190,94758,6/5/2019,4/30/2020 15:46
Donald Trump,Voters,4/30/2020,6/4/2019,4/28/2020,YouGov,B-,750,rv,0.10882232,0,45,52,44.27513,51.554317,,,https://d25d2506sfb94s.cloudfront.net/cumulus_uploads/document/afdwjs5olx/tabs_Trump_Tweets_20190603.pdf,58422,97735,6/11/2019,4/30/2020 15:46
Donald Trump,Voters,4/30/2020,6/4/2019,4/28/2020,YouGov,B-,745,rv,0.10905379,0,43,55,42.27513,54.554317,,,https://d25d2506sfb94s.cloudfront.net/cumulus_uploads/document/5haz4glrs2/tabs_Trump_Tweets_20190604.pdf,58388,97587,6/6/2019,4/30/2020 15:46
Donald Trump,Voters,4/30/2020,6/5/2019,4/28/2020,YouGov,B-,747,rv,0.11000863,0,44,53,43.27513,52.554317,,,https://d25d2506sfb94s.cloudfront.net/cumulus_uploads/document/igml3oe8ss/tabs_Trump_Tweets_20190605.pdf,58403,97675,6/10/2019,4/30/2020 15:46
Donald Trump,Voters,4/30/2020,6/6/2019,4/27/2020,YouGov,B-,733,rv,0.10802411,0,45,53,44.27513,52.554317,,,https://d25d2506sfb94s.cloudfront.net/cumulus_uploads/document/y2usm9s00j/tabs_Trump_Tweets_20190606.pdf,58404,97677,6/10/2019,4/30/2020 15:46
Donald Trump,Voters,4/30/2020,6/7/2019,4/27/2020,YouGov,B-,737,rv,0.10813885,0,47,51,46.27513,50.554317,,,https://d25d2506sfb94s.cloudfront.net/cumulus_uploads/document/vy0c8lr1g7/tabs_Trump_Tweets_20190607.pdf,58405,97679,6/10/2019,4/30/2020 15:46
Donald Trump,Voters,4/30/2020,6/8/2019,4/26/2020,YouGov,B-,717,rv,0.10474391,0,44,53,43.27513,52.554317,,,https://d25d2506sfb94s.cloudfront.net/cumulus_uploads/document/3m7p6quutb/tabs_Trump_Tweets_20190608.pdf,58406,97681,6/10/2019,4/30/2020 15:46
Donald Trump,Voters,4/30/2020,6/9/2019,4/26/2020,YouGov,B-,734,rv,0.10669202,0,46,52,45.27513,51.554317,,,https://d25d2506sfb94s.cloudfront.net/cumulus_uploads/document/6ej1qsnxo7/tabs_Trump_Tweets_20190609.pdf,58428,97854,6/12/2019,4/30/2020 15:46
Donald Trump,Voters,4/30/2020,6/9/2019,4/26/2020,YouGov,B-,1107,rv,0.16091017,0,45,52,44.27513,51.554317,,,https://d25d2506sfb94s.cloudfront.net/cumulus_uploads/document/b0wzlf9avh/econTabReport.pdf,58424,97747,6/12/2019,4/30/2020 15:46
Donald Trump,Voters,4/30/2020,6/10/2019,4/25/2020,YouGov,B-,754,rv,0.11010889,0,45,53,44.27513,52.554317,,,https://d25d2506sfb94s.cloudfront.net/cumulus_uploads/document/7qtmbsatq7/tabs_Trump_Tweets_20190610.pdf,58429,97856,6/12/2019,4/30/2020 15:46
Donald Trump,Voters,4/30/2020,6/11/2019,4/25/2020,YouGov,B-,741,rv,0.10873482,0,47,49,46.27513,48.554317,,,https://d25d2506sfb94s.cloudfront.net/cumulus_uploads/document/etaz6xp4ct/tabs_Trump_Tweets_20190611.pdf,58447,97883,6/13/2019,4/30/2020 15:46
Donald Trump,Voters,4/30/2020,6/12/2019,4/24/2020,YouGov,B-,725,rv,0.10690584,0,45,52,44.27513,51.554317,,,https://d25d2506sfb94s.cloudfront.net/cumulus_uploads/document/ce8y8m6tg2/tabs_Trump_Tweets_20190612.pdf,58454,97910,6/14/2019,4/30/2020 15:46
Donald Trump,Voters,4/30/2020,6/13/2019,4/24/2020,YouGov,B-,756,rv,0.11142076,0,46,51,45.27513,50.554317,,,https://d25d2506sfb94s.cloudfront.net/cumulus_uploads/document/0z3ucryhc9/tabs_Trump_Tweets_20190613.pdf,58476,98039,6/17/2019,4/30/2020 15:46
Donald Trump,Voters,4/30/2020,6/14/2019,4/24/2020,YouGov,B-,720,rv,0.10409325,0,44,54,43.27513,53.554317,,,https://d25d2506sfb94s.cloudfront.net/cumulus_uploads/document/o072amqt9m/tabs_Trump_Tweets_20190614.pdf,58477,98041,6/17/2019,4/30/2020 15:46
Donald Trump,Voters,4/30/2020,6/15/2019,4/23/2020,YouGov,B-,727,rv,0.10510527,0,44,52,43.27513,51.554317,,,https://d25d2506sfb94s.cloudfront.net/cumulus_uploads/document/k2xqrwdcfx/tabs_Trump_Tweets_20190615.pdf,58478,98043,6/17/2019,4/30/2020 15:46
Donald Trump,Voters,4/30/2020,6/16/2019,4/22/2020,YouGov,B-,729,rv,0.1047393,0,45,53,44.27513,52.554317,,,https://d25d2506sfb94s.cloudfront.net/cumulus_uploads/document/4e2e7z8ts0/tabs_Trump_Tweets_20190616.pdf,58479,98045,6/17/2019,4/30/2020 15:46
Donald Trump,Voters,4/30/2020,6/16/2019,4/21/2020,YouGov,B-,1202,rv,0.17269772,0,45,51,44.27513,50.554317,,,https://d25d2506sfb94s.cloudfront.net/cumulus_uploads/document/f0cbavpadc/econTabReport.pdf,58498,98085,6/19/2019,4/30/2020 15:46
Donald Trump,Voters,4/30/2020,6/17/2019,4/21/2020,YouGov,B-,735,rv,0.1060422,0,44,52,43.27513,51.554317,,,https://d25d2506sfb94s.cloudfront.net/cumulus_uploads/document/4z4o17rz2e/tabs_Trump_Tweets_20190617.pdf,58492,98078,6/19/2019,4/30/2020 15:46
Donald Trump,Voters,4/30/2020,6/18/2019,4/21/2020,YouGov,B-,712,rv,0.10315995,0,48,51,47.27513,50.554317,,,https://d25d2506sfb94s.cloudfront.net/cumulus_uploads/document/n55uwp3iqq/tabs_Trump_Tweets_20190618.pdf,58513,98195,6/20/2019,4/30/2020 15:46
Donald Trump,Voters,4/30/2020,6/19/2019,4/21/2020,YouGov,B-,785,rv,0.11420264,0,45,52,44.27513,51.554317,,,https://d25d2506sfb94s.cloudfront.net/cumulus_uploads/document/puqebtib1l/tabs_Trump_Tweets_20190619.pdf,58520,98212,6/21/2019,4/30/2020 15:46
Donald Trump,Voters,4/30/2020,6/20/2019,4/21/2020,YouGov,B-,730,rv,0.10609101,0,45,53,44.27513,52.554317,,,https://d25d2506sfb94s.cloudfront.net/cumulus_uploads/document/nmwg4xkfuc/tabs_Trump_Tweets_20190620.pdf,58522,98215,6/21/2019,4/30/2020 15:46
Donald Trump,Voters,4/30/2020,6/21/2019,4/21/2020,YouGov,B-,747,rv,0.10790278,0,43,54,42.27513,53.554317,,,https://d25d2506sfb94s.cloudfront.net/cumulus_uploads/document/9wo2x6rq97/tabs_Trump_Tweets_20190621.pdf,58525,98228,6/23/2019,4/30/2020 15:46
Donald Trump,Voters,4/30/2020,6/22/2019,4/20/2020,YouGov,B-,753,rv,0.10812846,0,42,56,41.27513,55.554317,,,https://d25d2506sfb94s.cloudfront.net/cumulus_uploads/document/7vg3ltdg9p/tabs_Trump_Tweets_20190622.pdf,58526,98230,6/24/2019,4/30/2020 15:46
Donald Trump,Voters,4/30/2020,6/23/2019,4/20/2020,YouGov,B-,767,rv,0.10951429,0,45,53,44.27513,52.554317,,,https://d25d2506sfb94s.cloudfront.net/cumulus_uploads/document/b4228iysab/tabs_Trump_Tweets_20190623.pdf,58534,98287,6/25/2019,4/30/2020 15:46
Donald Trump,Voters,4/30/2020,6/22/2019,4/20/2020,YouGov,B-,1111,rv,0.15863153,0,44,51,43.27513,50.554317,,,https://d25d2506sfb94s.cloudfront.net/cumulus_uploads/document/obzwo5cjei/econTabReport.pdf,58550,98458,6/26/2019,4/30/2020 15:46
Donald Trump,Voters,4/30/2020,6/24/2019,4/20/2020,YouGov,B-,743,rv,0.10653361,0,47,51,46.27513,50.554317,,,https://d25d2506sfb94s.cloudfront.net/cumulus_uploads/document/hk8lzo6kn3/tabs_Trump_Tweets_20190624.pdf,58548,98453,6/25/2019,4/30/2020 15:46
Donald Trump,Voters,4/30/2020,6/25/2019,4/19/2020,YouGov,B-,789,rv,0.11360734,0,44,54,43.27513,53.554317,,,https://d25d2506sfb94s.cloudfront.net/cumulus_uploads/document/8u4w4uwxno/tabs_Trump_Tweets_20190625.pdf,58558,98577,6/27/2019,4/30/2020 15:46
Donald Trump,Voters,4/30/2020,6/26/2019,4/19/2020,YouGov,B-,783,rv,0.11365568,0,45,52,44.27513,51.554317,,,https://d25d2506sfb94s.cloudfront.net/cumulus_uploads/document/dgki0w754w/tabs_Trump_Tweets_20190626.pdf,58562,98594,6/28/2019,4/30/2020 15:46
Donald Trump,Voters,4/30/2020,6/27/2019,4/19/2020,YouGov,B-,765,rv,0.11108485,0,45,54,44.27513,53.554317,,,https://d25d2506sfb94s.cloudfront.net/cumulus_uploads/document/n622u79g3n/tabs_Trump_Tweets_20190627.pdf,58568,98617,6/29/2019,4/30/2020 15:46
Donald Trump,Voters,4/30/2020,6/28/2019,4/19/2020,YouGov,B-,713,rv,0.10302329,0,44,54,43.27513,53.554317,,,https://d25d2506sfb94s.cloudfront.net/cumulus_uploads/document/8utr6jpprq/tabs_Trump_Tweets_20190628.pdf,58573,98686,6/30/2019,4/30/2020 15:46
Donald Trump,Voters,4/30/2020,6/29/2019,4/19/2020,YouGov,B-,709,rv,0.10191067,0,44,53,43.27513,52.554317,,,https://d25d2506sfb94s.cloudfront.net/cumulus_uploads/document/x2q4hu85rr/tabs_Trump_Tweets_20190629.pdf,58575,98689,7/1/2019,4/30/2020 15:46
Donald Trump,Voters,4/30/2020,6/30/2019,4/18/2020,YouGov,B-,746,rv,0.10664896,0,43,55,42.27513,54.554317,,,https://d25d2506sfb94s.cloudfront.net/cumulus_uploads/document/44fej5m59k/tabs_Trump_Tweets_20190630.pdf,58594,98910,7/2/2019,4/30/2020 15:46
Donald Trump,Voters,4/30/2020,6/30/2019,4/18/2020,YouGov,B-,1265,rv,0.18084576,0,44,53,43.27513,52.554317,,,https://d25d2506sfb94s.cloudfront.net/cumulus_uploads/document/4ggh3e3308/econTabReport.pdf,58606,98942,7/3/2019,4/30/2020 15:46
Donald Trump,Voters,4/30/2020,7/1/2019,4/18/2020,YouGov,B-,750,rv,0.10784103,0,47,50,46.27513,49.554317,,,https://d25d2506sfb94s.cloudfront.net/cumulus_uploads/document/fruxb8fbnl/tabs_Trump_Tweets_20190701.pdf,58613,99055,7/7/2019,4/30/2020 15:46
Donald Trump,Voters,4/30/2020,7/2/2019,4/18/2020,YouGov,B-,723,rv,0.10459063,0,44,53,43.27513,52.554317,,,https://d25d2506sfb94s.cloudfront.net/cumulus_uploads/document/4vv5bykyu2/tabs_Trump_Tweets_20190702.pdf,58614,99057,7/7/2019,4/30/2020 15:46
Donald Trump,Voters,4/30/2020,7/4/2019,4/16/2020,YouGov,B-,735,rv,0.10695495,0,44,54,43.27513,53.554317,,,https://d25d2506sfb94s.cloudfront.net/cumulus_uploads/document/bv5kxrgj32/tabs_Trump_Tweets_20190703.pdf,58615,99059,7/7/2019,4/30/2020 15:46
Donald Trump,Voters,4/30/2020,7/4/2019,4/16/2020,YouGov,B-,734,rv,0.10686178,0,47,51,46.27513,50.554317,,,https://d25d2506sfb94s.cloudfront.net/cumulus_uploads/document/hlzl7td76d/tabs_Trump_Tweets_20190704.pdf,58629,99100,7/9/2019,4/30/2020 15:46
Donald Trump,Voters,4/30/2020,7/5/2019,4/16/2020,YouGov,B-,734,rv,0.10634497,0,45,53,44.27513,52.554317,,,https://d25d2506sfb94s.cloudfront.net/cumulus_uploads/document/uiqetf24jx/tabs_Trump_Tweets_20190705.pdf,58630,99102,7/9/2019,4/30/2020 15:46
Donald Trump,Voters,4/30/2020,7/6/2019,4/16/2020,YouGov,B-,711,rv,0.10256749,0,43,56,42.27513,55.554317,,,https://d25d2506sfb94s.cloudfront.net/cumulus_uploads/document/2m2hbe1h6e/tabs_Trump_Tweets_20190706.pdf,58631,99104,7/9/2019,4/30/2020 15:46
Donald Trump,Voters,4/30/2020,7/7/2019,4/15/2020,YouGov,B-,759,rv,0.10892756,0,45,53,44.27513,52.554317,,,https://d25d2506sfb94s.cloudfront.net/cumulus_uploads/document/fw120yze6k/tabs_Trump_Tweets_20190707.pdf,58632,99106,7/9/2019,4/30/2020 15:46
Donald Trump,Voters,4/30/2020,7/7/2019,4/15/2020,YouGov,B-,1140,rv,0.16360661,0,43,53,42.27513,52.554317,,,https://d25d2506sfb94s.cloudfront.net/cumulus_uploads/document/al25duedar/econTabReport.pdf,58637,99137,7/10/2019,4/30/2020 15:46
Donald Trump,Voters,4/30/2020,7/8/2019,4/15/2020,YouGov,B-,794,rv,0.11448632,0,45,53,44.27513,52.554317,,,https://d25d2506sfb94s.cloudfront.net/cumulus_uploads/document/i4vnk5jzw1/tabs_Trump_Tweets_20190708.pdf,58639,99140,7/10/2019,4/30/2020 15:46
Donald Trump,Voters,4/30/2020,7/9/2019,4/15/2020,YouGov,B-,762,rv,0.11045104,0,45,52,44.27513,51.554317,,,https://d25d2506sfb94s.cloudfront.net/cumulus_uploads/document/6h8moi2zrz/tabs_Trump_Tweets_20190709.pdf,58641,99223,7/11/2019,4/30/2020 15:46
Donald Trump,Voters,4/30/2020,7/11/2019,4/14/2020,YouGov,B-,761,rv,0.11094892,0,49,48,48.27513,47.554317,,,https://d25d2506sfb94s.cloudfront.net/cumulus_uploads/document/l69si61xzl/tabs_Trump_Tweets_20190710.pdf,58650,99294,7/12/2019,4/30/2020 15:46
Donald Trump,Voters,4/30/2020,7/11/2019,4/14/2020,YouGov,B-,705,rv,0.1028481,0,44,51,43.27513,50.554317,,,https://d25d2506sfb94s.cloudfront.net/cumulus_uploads/document/87k2lebi6q/tabs_Trump_Tweets_20190711.pdf,58655,99301,7/13/2019,4/30/2020 15:46
Donald Trump,Voters,4/30/2020,7/12/2019,4/14/2020,YouGov,B-,717,rv,0.10401477,0,45,53,44.27513,52.554317,,,https://d25d2506sfb94s.cloudfront.net/cumulus_uploads/document/bm8rsghe2c/tabs_Trump_Tweets_20190712.pdf,58656,99306,7/14/2019,4/30/2020 15:46
Donald Trump,Voters,4/30/2020,7/13/2019,4/14/2020,YouGov,B-,752,rv,0.10845833,0,43,54,42.27513,53.554317,,,https://d25d2506sfb94s.cloudfront.net/cumulus_uploads/document/ceef98x1yo/tabs_Trump_Tweets_20190713.pdf,58657,99312,7/15/2019,4/30/2020 15:46
Donald Trump,Voters,4/30/2020,7/14/2019,4/14/2020,YouGov,B-,1149,rv,0.16478415,0,46,51,45.27513,50.554317,,,https://d25d2506sfb94s.cloudfront.net/cumulus_uploads/document/xj7rpmvws8/econTabReport.pdf,58677,99376,7/17/2019,4/30/2020 15:46
Donald Trump,Voters,4/30/2020,7/14/2019,4/14/2020,YouGov,B-,770,rv,0.11042976,0,46,52,45.27513,51.554317,,,https://d25d2506sfb94s.cloudfront.net/cumulus_uploads/document/sb6v1l7zdd/tabs_Trump_Tweets_20190714.pdf,58665,99330,7/16/2019,4/30/2020 15:46
Donald Trump,Voters,4/30/2020,7/15/2019,4/14/2020,YouGov,B-,769,rv,0.11081219,0,45,52,44.27513,51.554317,,,https://d25d2506sfb94s.cloudfront.net/cumulus_uploads/document/7d89u7jzlm/tabs_Trump_Tweets_20190715.pdf,58675,99372,7/16/2019,4/30/2020 15:46
Donald Trump,Voters,4/30/2020,7/16/2019,4/14/2020,YouGov,B-,731,rv,0.10590122,0,44,54,43.27513,53.554317,,,https://d25d2506sfb94s.cloudfront.net/cumulus_uploads/document/5ixzcqz1wj/tabs_Trump_Tweets_20190716.pdf,58685,99467,7/18/2019,4/30/2020 15:46
Donald Trump,Voters,4/30/2020,7/17/2019,4/14/2020,YouGov,B-,725,rv,0.10558225,0,45,53,44.27513,52.554317,,,https://d25d2506sfb94s.cloudfront.net/cumulus_uploads/document/x6tdh2bfle/tabs_Trump_Tweets_20190717.pdf,58690,99474,7/19/2019,4/30/2020 15:46
Donald Trump,Voters,4/30/2020,7/18/2019,4/13/2020,YouGov,B-,769,rv,0.11197725,0,44,54,43.27513,53.554317,,,https://d25d2506sfb94s.cloudfront.net/cumulus_uploads/document/99phi78lcx/tabs_Trump_Tweets_20190718.pdf,58709,99553,7/23/2019,4/30/2020 15:46
Donald Trump,Voters,4/30/2020,7/19/2019,4/13/2020,YouGov,B-,727,rv,0.10532684,0,42,56,41.27513,55.554317,,,https://d25d2506sfb94s.cloudfront.net/cumulus_uploads/document/vki73wrgsj/tabs_Trump_Tweets_20190719.pdf,58710,99555,7/23/2019,4/30/2020 15:46
Donald Trump,Voters,4/30/2020,7/20/2019,4/12/2020,YouGov,B-,711,rv,0.10245509,0,45,54,44.27513,53.554317,,,https://d25d2506sfb94s.cloudfront.net/cumulus_uploads/document/v03jltp0lu/tabs_Trump_Tweets_20190720.pdf,58711,99557,7/23/2019,4/30/2020 15:46
Donald Trump,Voters,4/30/2020,7/21/2019,4/12/2020,YouGov,B-,756,rv,0.10831979,0,42,56,41.27513,55.554317,,,https://d25d2506sfb94s.cloudfront.net/cumulus_uploads/document/5qit5lgxp6/tabs_Trump_Tweets_20190721.pdf,58712,99559,7/23/2019,4/30/2020 15:46
Donald Trump,Voters,4/30/2020,7/21/2019,4/12/2020,YouGov,B-,1212,rv,0.17365553,0,45,52,44.27513,51.554317,,,https://d25d2506sfb94s.cloudfront.net/cumulus_uploads/document/n0eqovafro/econTabReport.pdf,58726,99644,7/24/2019,4/30/2020 15:46
Donald Trump,Voters,4/30/2020,7/22/2019,4/12/2020,YouGov,B-,770,rv,0.11086684,0,44,53,43.27513,52.554317,,,https://d25d2506sfb94s.cloudfront.net/cumulus_uploads/document/wfnlq3qleb/tabs_Trump_Tweets_20190722.pdf,58725,99641,7/23/2019,4/30/2020 15:46
Donald Trump,Voters,4/30/2020,7/23/2019,4/11/2020,YouGov,B-,747,rv,0.10813966,0,44,54,43.27513,53.554317,,,https://d25d2506sfb94s.cloudfront.net/cumulus_uploads/document/z4rq3fsbc9/tabs_Trump_Tweets_20190723.pdf,58732,99731,7/25/2019,4/30/2020 15:46
Donald Trump,Voters,4/30/2020,7/24/2019,4/11/2020,YouGov,B-,763,rv,0.11109378,0,43,55,42.27513,54.554317,,,https://d25d2506sfb94s.cloudfront.net/cumulus_uploads/document/3o6269tapc/tabs_Trump_Tweets_20190724.pdf,58737,99774,7/26/2019,4/30/2020 15:46
Donald Trump,Voters,4/30/2020,7/25/2019,4/10/2020,YouGov,B-,734,rv,0.10693578,0,44,54,43.27513,53.554317,,,https://d25d2506sfb94s.cloudfront.net/cumulus_uploads/document/5lx2ce02id/tabs_Trump_Tweets_20190725.pdf,58743,99782,7/27/2019,4/30/2020 15:46
Donald Trump,Voters,4/30/2020,7/26/2019,4/10/2020,YouGov,B-,715,rv,0.10364015,0,44,54,43.27513,53.554317,,,https://d25d2506sfb94s.cloudfront.net/cumulus_uploads/document/1bnk5y50ux/tabs_Trump_Tweets_20190726.pdf,58744,99786,7/28/2019,4/30/2020 15:46
Donald Trump,Voters,4/30/2020,7/27/2019,4/10/2020,YouGov,B-,730,rv,0.1052581,0,44,54,43.27513,53.554317,,,https://d25d2506sfb94s.cloudfront.net/cumulus_uploads/document/p5jgf8f4ml/tabs_Trump_Tweets_20190727.pdf,58745,99788,7/29/2019,4/30/2020 15:46
Donald Trump,Voters,4/30/2020,7/28/2019,4/10/2020,YouGov,B-,813,rv,0.11661282,0,44,55,43.27513,54.554317,,,https://d25d2506sfb94s.cloudfront.net/cumulus_uploads/document/el904whmcw/tabs_Trump_Tweets_20190728.pdf,58768,99924,7/30/2019,4/30/2020 15:46
Donald Trump,Voters,4/30/2020,7/27/2019,4/10/2020,YouGov,B-,1101,rv,0.15792216,0,43,55,42.27513,54.554317,,,https://d25d2506sfb94s.cloudfront.net/cumulus_uploads/document/hash0nbry8/econTabReport.pdf,58777,99948,7/31/2019,4/30/2020 15:46
Donald Trump,Voters,4/30/2020,7/29/2019,4/9/2020,YouGov,B-,744,rv,0.10726079,0,46,51,45.27513,50.554317,,,https://d25d2506sfb94s.cloudfront.net/cumulus_uploads/document/xxao0c75e5/tabs_Trump_Tweets_20190729.pdf,58786,100069,8/1/2019,4/30/2020 15:46
Donald Trump,Voters,4/30/2020,7/30/2019,4/9/2020,YouGov,B-,755,rv,0.10940308,0,43,55,42.27513,54.554317,,,https://d25d2506sfb94s.cloudfront.net/cumulus_uploads/document/dk98v0rdxc/tabs_Trump_Tweets_20190730.pdf,58787,100071,8/1/2019,4/30/2020 15:46
Donald Trump,Voters,4/30/2020,8/1/2019,4/9/2020,YouGov,B-,742,rv,0.10809212,0,44,54,43.27513,53.554317,,,https://d25d2506sfb94s.cloudfront.net/cumulus_uploads/document/vbn7pmkzqv/tabs_Trump_Tweets_20190731.pdf,58792,100077,8/2/2019,4/30/2020 15:46
Donald Trump,Voters,4/30/2020,8/1/2019,4/9/2020,YouGov,B-,763,rv,0.111191,0,43,55,42.27513,54.554317,,,https://d25d2506sfb94s.cloudfront.net/cumulus_uploads/document/2lu7hdgszl/tabs_Trump_Tweets_20190801.pdf,58807,100123,8/3/2019,4/30/2020 15:46
Donald Trump,Voters,4/30/2020,8/2/2019,4/8/2020,YouGov,B-,735,rv,0.1065859,0,46,51,45.27513,50.554317,,,https://d25d2506sfb94s.cloudfront.net/cumulus_uploads/document/f1c0wokta6/tabs_Trump_Tweets_20190802.pdf,58808,100126,8/4/2019,4/30/2020 15:46
Donald Trump,Voters,4/30/2020,8/3/2019,4/8/2020,YouGov,B-,718,rv,0.10359388,0,44,54,43.27513,53.554317,,,https://d25d2506sfb94s.cloudfront.net/cumulus_uploads/document/nfyoemm74i/tabs_Trump_Tweets_20190803.pdf,58810,100129,8/5/2019,4/30/2020 15:46
Donald Trump,Voters,4/30/2020,8/4/2019,4/8/2020,YouGov,B-,766,rv,0.10991981,0,44,55,43.27513,54.554317,,,https://d25d2506sfb94s.cloudfront.net/cumulus_uploads/document/zwyfei2vx1/tabs_Trump_Tweets_20190804.pdf,58816,100147,8/5/2019,4/30/2020 15:46
Donald Trump,Voters,4/30/2020,8/3/2019,4/7/2020,YouGov,B-,1161,rv,0.1666017,0,44,52,43.27513,51.554317,,,https://d25d2506sfb94s.cloudfront.net/cumulus_uploads/document/7jv630mjdk/econTabReport.pdf,58830,100212,8/7/2019,4/30/2020 15:46
Donald Trump,Voters,4/30/2020,8/5/2019,4/7/2020,YouGov,B-,813,rv,0.11723312,0,45,53,44.27513,52.554317,,,https://d25d2506sfb94s.cloudfront.net/cumulus_uploads/document/llpppq3m1q/tabs_Trump_Tweets_20190805.pdf,58829,100210,8/6/2019,4/30/2020 15:46
Donald Trump,Voters,4/30/2020,8/6/2019,4/7/2020,YouGov,B-,710,rv,0.10296258,0,45,54,44.27513,53.554317,,,https://d25d2506sfb94s.cloudfront.net/cumulus_uploads/document/h43rst9rha/tabs_Trump_Tweets_20190806.pdf,58838,100329,8/8/2019,4/30/2020 15:46
Donald Trump,Voters,4/30/2020,8/7/2019,4/7/2020,YouGov,B-,736,rv,0.10732547,0,45,53,44.27513,52.554317,,,https://d25d2506sfb94s.cloudfront.net/cumulus_uploads/document/2ugllbwf7z/tabs_Trump_Tweets_20190807.pdf,58874,100406,8/8/2019,4/30/2020 15:46
Donald Trump,Voters,4/30/2020,8/8/2019,4/7/2020,YouGov,B-,742,rv,0.10822321,0,42,54,41.27513,53.554317,,,https://d25d2506sfb94s.cloudfront.net/cumulus_uploads/document/fvrm932txs/tabs_Trump_Tweets_20190808.pdf,58879,100414,8/9/2019,4/30/2020 15:46
Donald Trump,Voters,4/30/2020,8/9/2019,4/7/2020,YouGov,B-,728,rv,0.10564072,0,44,54,43.27513,53.554317,,,https://d25d2506sfb94s.cloudfront.net/cumulus_uploads/document/hw7o4hknxc/tabs_Trump_Tweets_20190809.pdf,58881,100421,8/11/2019,4/30/2020 15:46
Donald Trump,Voters,4/30/2020,8/10/2019,4/7/2020,YouGov,B-,753,rv,0.10870372,0,44,55,43.27513,54.554317,,,https://d25d2506sfb94s.cloudfront.net/cumulus_uploads/document/8sm2u9auu2/tabs_Trump_Tweets_20190810.pdf,58882,100423,8/12/2019,4/30/2020 15:46
Donald Trump,Voters,4/30/2020,8/11/2019,4/6/2020,YouGov,B-,735,rv,0.10556159,0,45,54,44.27513,53.554317,,,https://d25d2506sfb94s.cloudfront.net/cumulus_uploads/document/7iwguc74ax/tabs_Trump_Tweets_20190811.pdf,58889,100458,8/13/2019,4/30/2020 15:46
Donald Trump,Voters,4/30/2020,8/10/2019,4/6/2020,YouGov,B-,1127,rv,0.16186111,0,44,54,43.27513,53.554317,,,https://d25d2506sfb94s.cloudfront.net/cumulus_uploads/document/mujbtdyiti/econTabReport.pdf,58901,100484,8/14/2019,4/30/2020 15:46
Donald Trump,Voters,4/30/2020,8/12/2019,4/6/2020,YouGov,B-,745,rv,0.10749691,0,43,56,42.27513,55.554317,,,https://d25d2506sfb94s.cloudfront.net/cumulus_uploads/document/stje7386gp/tabs_Trump_Tweets_20190812.pdf,58898,100476,8/13/2019,4/30/2020 15:46
Donald Trump,Voters,4/30/2020,8/13/2019,4/6/2020,YouGov,B-,756,rv,0.10959404,0,45,52,44.27513,51.554317,,,https://d25d2506sfb94s.cloudfront.net/cumulus_uploads/document/xwolhb4unc/tabs_Trump_Tweets_20190813.pdf,58908,100596,8/15/2019,4/30/2020 15:46
Donald Trump,Voters,4/30/2020,8/14/2019,4/5/2020,YouGov,B-,785,rv,0.11436361,0,43,55,42.27513,54.554317,,,https://s.crunch.io/widget/index.html#/ds/651a1ccf02df48bd8c0385eb41b44c42/row/000025/filt/6cebda657caa4b66844edb46b780a3d5?viz=groupedBarPlot&cp=percent&dp=0&grp=stack,58948,100805,8/20/2019,4/30/2020 15:46
Donald Trump,Voters,4/30/2020,8/15/2019,4/5/2020,YouGov,B-,756,rv,0.11018641,0,44,55,43.27513,54.554317,,,https://s.crunch.io/widget/index.html#/ds/c5546ae788b24175a964d0aa0a12b656/row/000009/filt/9a4aa73deca34ce89f4a8b0dd19a61ab?viz=groupedBarPlot&cp=percent&dp=0&grp=stack,58949,100807,8/20/2019,4/30/2020 15:46
Donald Trump,Voters,4/30/2020,8/16/2019,4/5/2020,YouGov,B-,739,rv,0.10718915,0,43,55,42.27513,54.554317,,,https://s.crunch.io/widget/index.html#/ds/dda580b028d04a5da9870160ce3d8dee/row/000009/filt/a54a57e9c1424cd591de83e6ab520949?viz=groupedBarPlot&cp=percent&dp=0&grp=stack,58950,100809,8/20/2019,4/30/2020 15:46
Donald Trump,Voters,4/30/2020,8/17/2019,4/5/2020,YouGov,B-,743,rv,0.10722029,0,43,54,42.27513,53.554317,,,https://s.crunch.io/widget/index.html#/ds/a7e39ff7ab5841918c082f7d9a518981/row/000009/filt/be5b0128378346c39ffa28b7f402b50d?viz=groupedBarPlot&cp=percent&dp=0&grp=stack,58951,100811,8/20/2019,4/30/2020 15:46
Donald Trump,Voters,4/30/2020,8/17/2019,4/5/2020,YouGov,B-,1111,rv,0.15950745,0,44,52,43.27513,51.554317,,,https://d25d2506sfb94s.cloudfront.net/cumulus_uploads/document/u4gcv1suy6/econTabReport.pdf,58975,100880,8/21/2019,4/30/2020 15:46
Donald Trump,Voters,4/30/2020,8/18/2019,4/5/2020,YouGov,B-,805,rv,0.11557471,0,44,54,43.27513,53.554317,,,https://s.crunch.io/widget/index.html#/ds/a01292146d304b10aa27587ee180a331/row/000009/filt/c902dae4044d4bbf9c11c9817afbdd94?viz=groupedBarPlot&cp=percent&dp=0&grp=stack,58952,100813,8/20/2019,4/30/2020 15:46
Donald Trump,Voters,4/30/2020,8/19/2019,4/4/2020,YouGov,B-,740,rv,0.1067931,0,45,54,44.27513,53.554317,,,https://s.crunch.io/widget/index.html#/ds/d1679d035740449595033bd34e3cde24/row/000009/filt/19f57ce952884bc98e2a5eddb09a29b3?viz=groupedBarPlot&cp=percent&dp=0&grp=stack,58962,100847,8/20/2019,4/30/2020 15:46
Donald Trump,Voters,4/30/2020,8/20/2019,4/4/2020,YouGov,B-,740,rv,0.10734929,0,45,53,44.27513,52.554317,,,https://s.crunch.io/widget/index.html#/ds/e663e2356cb74dddaca344c47db62981/row/000009/filt/d9b4c15bcafd40759be4095548f4bf47?viz=groupedBarPlot&cp=percent&dp=0&grp=stack,58994,101001,8/21/2019,4/30/2020 15:46
Donald Trump,Voters,4/30/2020,8/21/2019,4/4/2020,YouGov,B-,772,rv,0.11260827,0,44,52,43.27513,51.554317,,,https://s.crunch.io/widget/index.html#/ds/6e3228829c0e4b1c9773d4d045fd4d6f/row/000009/filt/c912ec43c26745baadb8ef0159de6a21?viz=groupedBarPlot&cp=percent&dp=0&grp=stack,59420,101715,8/23/2019,4/30/2020 15:46
Donald Trump,Voters,4/30/2020,8/22/2019,4/4/2020,YouGov,B-,741,rv,0.10817775,0,43,54,42.27513,53.554317,,,https://s.crunch.io/widget/index.html#/ds/2bf9189b3ef5402d8bacf4a87a3d57c3/row/000009/filt/abdc57afc4f444f29d47e03224ac83f8?viz=groupedBarPlot&cp=percent&dp=0&grp=stack,59424,101722,8/23/2019,4/30/2020 15:46
Donald Trump,Voters,4/30/2020,8/23/2019,4/3/2020,YouGov,B-,734,rv,0.10669873,0,45,52,44.27513,51.554317,,,https://s.crunch.io/widget/index.html#/ds/31bd458c6e26411bae6377669d8f2f3f/row/000009/filt/beb6f2fee8f94597bc54f17f782dfdd1?viz=groupedBarPlot&cp=percent&dp=0&grp=stack,59425,101728,8/24/2019,4/30/2020 15:46
Donald Trump,Voters,4/30/2020,8/24/2019,4/3/2020,YouGov,B-,733,rv,0.1061116,0,45,53,44.27513,52.554317,,,https://s.crunch.io/widget/index.html#/ds/45db447e251641dd9e78cf5f2212e1aa/row/000009/filt/5daeb116a441421c97734085f77c3c1c?viz=groupedBarPlot&cp=percent&dp=0&grp=stack,59426,101730,8/25/2019,4/30/2020 15:46
Donald Trump,Voters,4/30/2020,8/24/2019,4/3/2020,YouGov,B-,1093,rv,0.1575631,0,44,53,43.27513,52.554317,,,https://d25d2506sfb94s.cloudfront.net/cumulus_uploads/document/b17i8aeg5p/econTabReport.pdf,59452,101858,8/28/2019,4/30/2020 15:46
Donald Trump,Voters,4/30/2020,8/25/2019,4/3/2020,YouGov,B-,774,rv,0.11157717,0,42,55,41.27513,54.554317,,,https://d25d2506sfb94s.cloudfront.net/cumulus_uploads/document/2sg92elcx1/tabs_Trump_Tweets_20190825.pdf,59441,101807,8/27/2019,4/30/2020 15:46
Donald Trump,Voters,4/30/2020,8/26/2019,4/3/2020,YouGov,B-,759,rv,0.11000591,0,44,54,43.27513,53.554317,,,https://d25d2506sfb94s.cloudfront.net/cumulus_uploads/document/rba1xdt1lx/tabs_Trump_Tweets_20190826.pdf,59448,101837,8/27/2019,4/30/2020 15:46
Donald Trump,Voters,4/30/2020,8/27/2019,4/2/2020,YouGov,B-,752,rv,0.10960547,0,43,54,42.27513,53.554317,,,https://d25d2506sfb94s.cloudfront.net/cumulus_uploads/document/q4f6f4wkf2/tabs_Trump_Tweets_20190827.pdf,59456,102036,8/28/2019,4/30/2020 15:46
Donald Trump,Voters,4/30/2020,8/28/2019,4/2/2020,YouGov,B-,791,rv,0.11593243,0,43,54,42.27513,53.554317,,,https://d25d2506sfb94s.cloudfront.net/cumulus_uploads/document/cvnec4bf7v/tabs_Trump_Tweets_20190828.pdf,59463,102054,8/30/2019,4/30/2020 15:46
Donald Trump,Voters,4/30/2020,8/29/2019,4/2/2020,YouGov,B-,738,rv,0.10821795,0,47,51,46.27513,50.554317,,,https://d25d2506sfb94s.cloudfront.net/cumulus_uploads/document/p0d2ieuwac/tabs_Trump_Tweets_20190829.pdf,59470,102074,9/3/2019,4/30/2020 15:46
Donald Trump,Voters,4/30/2020,8/30/2019,4/1/2020,YouGov,B-,744,rv,0.10853784,0,48,51,47.27513,50.554317,,,https://d25d2506sfb94s.cloudfront.net/cumulus_uploads/document/pf0hfem52o/tabs_Trump_Tweets_20190830.pdf,59471,102076,9/3/2019,4/30/2020 15:46
Donald Trump,Voters,4/30/2020,8/31/2019,4/1/2020,YouGov,B-,696,rv,0.10101929,0,47,49,46.27513,48.554317,,,https://d25d2506sfb94s.cloudfront.net/cumulus_uploads/document/ocp3l2d7nm/tabs_Trump_Tweets_20190831.pdf,59472,102078,9/3/2019,4/30/2020 15:46
Donald Trump,Voters,4/30/2020,9/1/2019,4/1/2020,YouGov,B-,758,rv,0.10940404,0,46,52,45.27513,51.554317,,,https://d25d2506sfb94s.cloudfront.net/cumulus_uploads/document/1x37ff7cpb/tabs_Trump_Tweets_20190901.pdf,59483,102137,9/3/2019,4/30/2020 15:46
Donald Trump,Voters,4/30/2020,9/1/2019,4/1/2020,YouGov,B-,1069,rv,0.15429144,0,46,51,45.27513,50.554317,,,https://d25d2506sfb94s.cloudfront.net/cumulus_uploads/document/3gj4ffirhi/econTabReport.pdf,59485,102142,9/4/2019,4/30/2020 15:46
Donald Trump,Voters,4/30/2020,9/2/2019,4/1/2020,YouGov,B-,741,rv,0.10734269,0,45,52,44.27513,51.554317,,,https://d25d2506sfb94s.cloudfront.net/cumulus_uploads/document/bhdut5k7bd/tabs_Trump_Tweets_20190902.pdf,59484,102139,9/3/2019,4/30/2020 15:46
Donald Trump,Voters,4/30/2020,9/3/2019,3/31/2020,YouGov,B-,710,rv,0.10325202,0,45,54,44.27513,53.554317,,,https://d25d2506sfb94s.cloudfront.net/cumulus_uploads/document/tc8qk9617b/tabs_Trump_Tweets_20190903.pdf,59491,102251,9/5/2019,4/30/2020 15:46
Donald Trump,Voters,4/30/2020,9/4/2019,3/31/2020,YouGov,B-,728,rv,0.1062468,0,44,54,43.27513,53.554317,,,https://d25d2506sfb94s.cloudfront.net/cumulus_uploads/document/olidxqo87b/tabs_Trump_Tweets_20190904.pdf,59496,102262,9/6/2019,4/30/2020 15:46
Donald Trump,Voters,4/30/2020,9/5/2019,3/31/2020,YouGov,B-,760,rv,0.11069753,0,43,54,42.27513,53.554317,,,https://d25d2506sfb94s.cloudfront.net/cumulus_uploads/document/9gspfrz7gp/tabs_Trump_Tweets_20190905.pdf,59502,102274,9/7/2019,4/30/2020 15:46
Donald Trump,Voters,4/30/2020,9/6/2019,3/31/2020,YouGov,B-,721,rv,0.10429411,0,44,54,43.27513,53.554317,,,https://d25d2506sfb94s.cloudfront.net/cumulus_uploads/document/kdiyeebkbv/tabs_Trump_Tweets_20190906.pdf,59512,102296,9/8/2019,4/30/2020 15:46
Donald Trump,Voters,4/30/2020,9/8/2019,3/30/2020,YouGov,B-,785,rv,0.11271479,0,42,56,41.27513,55.554317,,,https://d25d2506sfb94s.cloudfront.net/cumulus_uploads/document/rvbozcgqoi/tabs_Trump_Tweets_20190907.pdf,59513,102298,9/8/2019,4/30/2020 15:46
Donald Trump,Voters,4/30/2020,9/8/2019,3/30/2020,YouGov,B-,1188,rv,0.16942588,0,44,54,43.27513,53.554317,,,https://d25d2506sfb94s.cloudfront.net/cumulus_uploads/document/hrk03f83zc/econTabReport.pdf,59539,102456,9/11/2019,4/30/2020 15:46
Donald Trump,Voters,4/30/2020,9/8/2019,3/30/2020,YouGov,B-,788,rv,0.11238013,0,46,52,45.27513,51.554317,,,https://d25d2506sfb94s.cloudfront.net/cumulus_uploads/document/90vtwd23w8/tabs_Trump_Tweets_20190908.pdf,59529,102393,9/10/2019,4/30/2020 15:46
Donald Trump,Voters,4/30/2020,9/9/2019,3/30/2020,YouGov,B-,768,rv,0.10991154,0,45,54,44.27513,53.554317,,,https://d25d2506sfb94s.cloudfront.net/cumulus_uploads/document/0ncavldi1u/tabs_Trump_Tweets_20190909.pdf,59532,102399,9/10/2019,4/30/2020 15:46
Donald Trump,Voters,4/30/2020,9/10/2019,3/30/2020,YouGov,B-,752,rv,0.10803916,0,47,50,46.27513,49.554317,,,https://d25d2506sfb94s.cloudfront.net/cumulus_uploads/document/dsesa64xw4/tabs_Trump_Tweets_20190910.pdf,59546,102566,9/12/2019,4/30/2020 15:46
Donald Trump,Voters,4/30/2020,9/11/2019,3/29/2020,YouGov,B-,768,rv,0.11079614,0,44,55,43.27513,54.554317,,,https://d25d2506sfb94s.cloudfront.net/cumulus_uploads/document/kkqb3jjy1s/tabs_Trump_Tweets_20190911.pdf,59559,102629,9/12/2019,4/30/2020 15:46
Donald Trump,Voters,4/30/2020,9/12/2019,3/29/2020,YouGov,B-,776,rv,0.11186135,0,43,54,42.27513,53.554317,,,https://d25d2506sfb94s.cloudfront.net/cumulus_uploads/document/r0xhg5dbmb/tabs_Trump_Tweets_20190912.pdf,59569,102673,9/13/2019,4/30/2020 15:46
Donald Trump,Voters,4/30/2020,9/13/2019,3/29/2020,YouGov,B-,700,rv,0.10037084,0,43,53,42.27513,52.554317,,,https://d25d2506sfb94s.cloudfront.net/cumulus_uploads/document/gjbswk0fiz/tabs_Trump_Tweets_20190913.pdf,59571,102678,9/15/2019,4/30/2020 15:46
Donald Trump,Voters,4/30/2020,9/14/2019,3/29/2020,YouGov,B-,757,rv,0.10792378,0,42,55,41.27513,54.554317,,,https://d25d2506sfb94s.cloudfront.net/cumulus_uploads/document/lyklfx0fod/tabs_Trump_Tweets_20190914.pdf,59580,102722,9/16/2019,4/30/2020 15:46
Donald Trump,Voters,4/30/2020,9/15/2019,3/29/2020,YouGov,B-,737,rv,0.10447349,0,44,54,43.27513,53.554317,,,https://d25d2506sfb94s.cloudfront.net/cumulus_uploads/document/lcx4mihsrn/tabs_Trump_Tweets_20190915.pdf,59581,102724,9/16/2019,4/30/2020 15:46
Donald Trump,Voters,4/30/2020,9/14/2019,3/29/2020,YouGov,B-,1184,rv,0.16783801,0,44,53,43.27513,52.554317,,,https://d25d2506sfb94s.cloudfront.net/cumulus_uploads/document/m1n9ik6irs/econTabReport.pdf,59601,102828,9/18/2019,4/30/2020 15:46
Donald Trump,Voters,4/30/2020,9/16/2019,3/28/2020,YouGov,B-,736,rv,0.10480409,0,45,54,44.27513,53.554317,,,https://d25d2506sfb94s.cloudfront.net/cumulus_uploads/document/wvooployza/tabs_Trump_Tweets_20190916.pdf,59597,102797,9/18/2019,4/30/2020 15:46
Donald Trump,Voters,4/30/2020,9/17/2019,3/28/2020,YouGov,B-,742,rv,0.10592025,0,44,54,43.27513,53.554317,,,https://d25d2506sfb94s.cloudfront.net/cumulus_uploads/document/2syc4lf6ye/tabs_Trump_Tweets_20190917.pdf,59615,102979,9/19/2019,4/30/2020 15:46
Donald Trump,Voters,4/30/2020,9/18/2019,3/27/2020,YouGov,B-,707,rv,0.10117477,0,43,55,42.27513,54.554317,,,https://d25d2506sfb94s.cloudfront.net/cumulus_uploads/document/pok05m62cs/tabs_Trump_Tweets_20190918.pdf,59623,103006,9/20/2019,4/30/2020 15:46
Donald Trump,Voters,4/30/2020,9/19/2019,3/27/2020,YouGov,B-,714,rv,0.10151898,0,44,55,43.27513,54.554317,,,https://d25d2506sfb94s.cloudfront.net/cumulus_uploads/document/dmorn1lo82/tabs_Trump_Tweets_20190919.pdf,59625,103012,9/21/2019,4/30/2020 15:46
Donald Trump,Voters,4/30/2020,9/20/2019,3/26/2020,YouGov,B-,725,rv,0.10180684,0,44,53,43.27513,52.554317,,,https://d25d2506sfb94s.cloudfront.net/cumulus_uploads/document/j7c58vsy63/tabs_Trump_Tweets_20190920.pdf,59629,103040,9/22/2019,4/30/2020 15:46
Donald Trump,Voters,4/30/2020,9/21/2019,3/26/2020,YouGov,B-,720,rv,0.09985602,0,46,52,45.27513,51.554317,,,https://d25d2506sfb94s.cloudfront.net/cumulus_uploads/document/kw2vffy7j8/tabs_Trump_Tweets_20190921.pdf,59637,103081,9/24/2019,4/30/2020 15:46
Donald Trump,Voters,4/30/2020,9/22/2019,3/26/2020,YouGov,B-,1198,rv,0.16411732,0,44,52,43.27513,51.554317,,,https://d25d2506sfb94s.cloudfront.net/cumulus_uploads/document/hqfjbs2lws/econTabReport.pdf,59712,103282,9/25/2019,4/30/2020 15:46
Donald Trump,Voters,4/30/2020,9/22/2019,3/26/2020,YouGov,B-,753,rv,0.10315555,0,44,53,43.27513,52.554317,,,https://d25d2506sfb94s.cloudfront.net/cumulus_uploads/document/qpkxzk1zc5/tabs_Trump_Tweets_20190922.pdf,59638,103083,9/24/2019,4/30/2020 15:46
Donald Trump,Voters,4/30/2020,9/23/2019,3/26/2020,YouGov,B-,732,rv,0.10005995,0,42,55,41.27513,54.554317,,,https://d25d2506sfb94s.cloudfront.net/cumulus_uploads/document/6u07gg2l75/tabs_Trump_Tweets_20190923.pdf,59716,103379,9/25/2019,4/30/2020 15:46
Donald Trump,Voters,4/30/2020,9/24/2019,3/26/2020,YouGov,B-,745,rv,0.10158463,0,42,55,41.27513,54.554317,,,https://d25d2506sfb94s.cloudfront.net/cumulus_uploads/document/yx9lwekcj7/tabs_Trump_Tweets_20190924.pdf,59719,103389,9/26/2019,4/30/2020 15:46
Donald Trump,Voters,4/30/2020,9/25/2019,3/26/2020,YouGov,B-,816,rv,0.11101004,0,43,55,42.27513,54.554317,,,https://d25d2506sfb94s.cloudfront.net/cumulus_uploads/document/rvjaagpyhu/tabs_Trump_Tweets_20190925.pdf,59730,103417,9/26/2019,4/30/2020 15:46
Donald Trump,Voters,4/30/2020,9/26/2019,3/26/2020,YouGov,B-,809,rv,0.1093389,0,42,55,41.27513,54.554317,,,https://d25d2506sfb94s.cloudfront.net/cumulus_uploads/document/o4llz08tqp/tabs_Trump_Tweets_20190926.pdf,59735,103434,9/27/2019,4/30/2020 15:46
Donald Trump,Voters,4/30/2020,9/26/2019,3/26/2020,YouGov,B-,1200,rv,0.16046062,0,43.8,52.4,43.07513,51.954317,,,https://smpa.gwu.edu/sites/g/files/zaxdzs2046/f/downloads/GW%20Politics%20Poll%20Late%20September%202019%20Toplines%20%281%29.pdf,60088,104469,10/15/2019,4/30/2020 15:46
Donald Trump,Voters,4/30/2020,9/27/2019,3/26/2020,YouGov,B-,767,rv,0.10191198,0,42,56,41.27513,55.554317,,,https://d25d2506sfb94s.cloudfront.net/cumulus_uploads/document/qu026jpjz1/tabs_Trump_Tweets_20190927.pdf,59766,103675,10/2/2019,4/30/2020 15:46
Donald Trump,Voters,4/30/2020,9/28/2019,3/26/2020,YouGov,B-,1087,rv,0.14351596,0,42,56,41.27513,55.554317,,,https://d25d2506sfb94s.cloudfront.net/cumulus_uploads/document/eb2rrb9ofh/econTabReport.pdf,59765,103592,10/2/2019,4/30/2020 15:46
Donald Trump,Voters,4/30/2020,9/28/2019,3/25/2020,YouGov,B-,763,rv,0.10073843,0,43,54,42.27513,53.554317,,,https://d25d2506sfb94s.cloudfront.net/cumulus_uploads/document/bcpbdwqlls/tabs_Trump_Tweets_20190928.pdf,59767,103677,10/2/2019,4/30/2020 15:46
Donald Trump,Voters,4/30/2020,9/29/2019,3/25/2020,YouGov,B-,761,rv,0.10047437,0,44,54,43.27513,53.554317,,,https://d25d2506sfb94s.cloudfront.net/cumulus_uploads/document/wg42y75fng/tabs_Trump_Tweets_20190929.pdf,59768,103679,10/2/2019,4/30/2020 15:46
Donald Trump,Voters,4/30/2020,9/30/2019,3/25/2020,YouGov,B-,818,rv,0.10897298,0,44,55,43.27513,54.554317,,,https://d25d2506sfb94s.cloudfront.net/cumulus_uploads/document/3qsipasgq2/tabs_Trump_Tweets_20190930.pdf,59769,103681,10/2/2019,4/30/2020 15:46
Donald Trump,Voters,4/30/2020,10/1/2019,3/25/2020,YouGov,B-,741,rv,0.09970407,0,42,56,41.27513,55.554317,,,https://d25d2506sfb94s.cloudfront.net/cumulus_uploads/document/ujbflb30lj/tabs_Trump_Tweets_20191001.pdf,59777,103713,10/3/2019,4/30/2020 15:46
Donald Trump,Voters,4/30/2020,10/2/2019,3/25/2020,YouGov,B-,729,rv,0.09910385,0,44,54,43.27513,53.554317,,,https://d25d2506sfb94s.cloudfront.net/cumulus_uploads/document/02fd69evjb/tabs_Trump_Tweets_20191002.pdf,59823,103802,10/4/2019,4/30/2020 15:46
Donald Trump,Voters,4/30/2020,10/3/2019,3/25/2020,YouGov,B-,753,rv,0.10293342,0,44,54,43.27513,53.554317,,,https://d25d2506sfb94s.cloudfront.net/cumulus_uploads/document/q7avpxc22p/tabs_Trump_Tweets_20191003.pdf,59855,103843,10/4/2019,4/30/2020 15:46
Donald Trump,Voters,4/30/2020,10/4/2019,3/25/2020,YouGov,B-,753,rv,0.10297306,0,45,53,44.27513,52.554317,,,https://d25d2506sfb94s.cloudfront.net/cumulus_uploads/document/0u2fhxyixx/tabs_Trump_Tweets_20191004.pdf,59909,103972,10/8/2019,4/30/2020 15:46
Donald Trump,Voters,4/30/2020,10/5/2019,3/25/2020,YouGov,B-,759,rv,0.10386562,0,44,55,43.27513,54.554317,,,https://d25d2506sfb94s.cloudfront.net/cumulus_uploads/document/439zfgtwsk/tabs_Trump_Tweets_20191005.pdf,59910,103974,10/8/2019,4/30/2020 15:46
Donald Trump,Voters,4/30/2020,10/6/2019,3/24/2020,YouGov,B-,706,rv,0.09669605,0,43,54,42.27513,53.554317,,,https://d25d2506sfb94s.cloudfront.net/cumulus_uploads/document/2t3zj159dm/tabs_Trump_Tweets_20191006.pdf,59911,103976,10/8/2019,4/30/2020 15:46
Donald Trump,Voters,4/30/2020,10/6/2019,3/24/2020,YouGov,B-,1241,rv,0.16997139,0,46,52,45.27513,51.554317,,,https://d25d2506sfb94s.cloudfront.net/cumulus_uploads/document/x3neaunoh2/econTabReport.pdf,59915,103983,10/9/2019,4/30/2020 15:46
Donald Trump,Voters,4/30/2020,10/7/2019,3/24/2020,YouGov,B-,755,rv,0.10449953,0,43,54,42.27513,53.554317,,,https://d25d2506sfb94s.cloudfront.net/cumulus_uploads/document/j0prlmkx7l/tabs_Trump_Tweets_20191007.pdf,59912,103978,10/8/2019,4/30/2020 15:46
Donald Trump,Voters,4/30/2020,10/8/2019,3/24/2020,YouGov,B-,769,rv,0.10758319,0,45,52,44.27513,51.554317,,,https://d25d2506sfb94s.cloudfront.net/cumulus_uploads/document/xzd91wdhtd/tabs_Trump_Tweets_20191008.pdf,60011,104260,10/10/2019,4/30/2020 15:46
Donald Trump,Voters,4/30/2020,10/9/2019,3/24/2020,YouGov,B-,824,rv,0.1163675,0,43,55,42.27513,54.554317,,,https://d25d2506sfb94s.cloudfront.net/cumulus_uploads/document/50rq0uqgau/tabs_Trump_Tweets_20191009.pdf,60012,104262,10/10/2019,4/30/2020 15:46
Donald Trump,Voters,4/30/2020,10/10/2019,3/24/2020,YouGov,B-,779,rv,0.1105334,0,42,55,41.27513,54.554317,,,https://d25d2506sfb94s.cloudfront.net/cumulus_uploads/document/7yy5w3p1hu/tabs_Trump_Tweets_20191010.pdf,60043,104308,10/12/2019,4/30/2020 15:46
Donald Trump,Voters,4/30/2020,10/11/2019,3/24/2020,YouGov,B-,739,rv,0.10453675,0,45,53,44.27513,52.554317,,,https://d25d2506sfb94s.cloudfront.net/cumulus_uploads/document/mn2b57mh6m/tabs_Trump_Tweets_20191011.pdf,60053,104322,10/13/2019,4/30/2020 15:46
Donald Trump,Voters,4/30/2020,10/12/2019,3/24/2020,YouGov,B-,730,rv,0.10291324,0,43,54,42.27513,53.554317,,,https://d25d2506sfb94s.cloudfront.net/cumulus_uploads/document/uf28nv81cm/tabs_Trump_Tweets_20191012.pdf,60080,104446,10/15/2019,4/30/2020 15:46
Donald Trump,Voters,4/30/2020,10/13/2019,3/24/2020,YouGov,B-,1136,rv,0.1595905,0,42,55,41.27513,54.554317,,,https://d25d2506sfb94s.cloudfront.net/cumulus_uploads/document/kvoamfqbbo/econTabReport.pdf,60100,104546,10/16/2019,4/30/2020 15:46
Donald Trump,Voters,4/30/2020,10/13/2019,3/24/2020,YouGov,B-,782,rv,0.10985896,0,46,52,45.27513,51.554317,,,https://d25d2506sfb94s.cloudfront.net/cumulus_uploads/document/waf39geuf0/tabs_Trump_Tweets_20191013.pdf,60081,104448,10/15/2019,4/30/2020 15:46
Donald Trump,Voters,4/30/2020,10/14/2019,3/23/2020,YouGov,B-,793,rv,0.1121397,0,45,53,44.27513,52.554317,,,https://d25d2506sfb94s.cloudfront.net/cumulus_uploads/document/7yv54c49w5/tabs_Trump_Tweets_20191014.pdf,60098,104541,10/16/2019,4/30/2020 15:46
Donald Trump,Voters,4/30/2020,10/15/2019,3/23/2020,YouGov,B-,714,rv,0.10170231,0,40,55,39.27513,54.554317,,,https://d25d2506sfb94s.cloudfront.net/cumulus_uploads/document/xoqxdgkgfa/tabs_Trump_Tweets_20191015.pdf,60262,105294,10/17/2019,4/30/2020 15:46
Donald Trump,Voters,4/30/2020,10/16/2019,3/23/2020,YouGov,B-,734,rv,0.10527651,0,41,55,40.27513,54.554317,,,https://d25d2506sfb94s.cloudfront.net/cumulus_uploads/document/8ogbkv4bau/tabs_Trump_Tweets_20191016.pdf,60265,105315,10/17/2019,4/30/2020 15:46
Donald Trump,Voters,4/30/2020,10/17/2019,3/22/2020,YouGov,B-,777,rv,0.11152756,0,43,54,42.27513,53.554317,,,https://d25d2506sfb94s.cloudfront.net/cumulus_uploads/document/5nfky89ff1/tabs_Trump_Tweets_20191017.pdf,61980,109316,10/18/2019,4/30/2020 15:46
Donald Trump,Voters,4/30/2020,10/18/2019,3/22/2020,YouGov,B-,722,rv,0.10319811,0,43,53,42.27513,52.554317,,,https://d25d2506sfb94s.cloudfront.net/cumulus_uploads/document/4gatffm9e7/tabs_Trump_Tweets_20191018.pdf,61982,109320,10/20/2019,4/30/2020 15:46
Donald Trump,Voters,4/30/2020,10/19/2019,3/22/2020,YouGov,B-,703,rv,0.0999959,0,45,54,44.27513,53.554317,,,https://d25d2506sfb94s.cloudfront.net/cumulus_uploads/document/b9x0tk0lkd/tabs_Trump_Tweets_20191019.pdf,62223,111071,10/21/2019,4/30/2020 15:46
Donald Trump,Voters,4/30/2020,10/20/2019,3/22/2020,YouGov,B-,1204,rv,0.17034852,0,43,54,42.27513,53.554317,,,https://d25d2506sfb94s.cloudfront.net/cumulus_uploads/document/s96v7z4zoa/econTabReport.pdf,62241,111213,10/23/2019,4/30/2020 15:46
Donald Trump,Voters,4/30/2020,10/20/2019,3/22/2020,YouGov,B-,779,rv,0.11021719,0,42,55,41.27513,54.554317,,,https://d25d2506sfb94s.cloudfront.net/cumulus_uploads/document/5186kd3oku/tabs_Trump_Tweets_20191020.pdf,62450,111789,10/24/2019,4/30/2020 15:46
Donald Trump,Voters,4/30/2020,10/21/2019,3/22/2020,YouGov,B-,731,rv,0.10390367,0,43,55,42.27513,54.554317,,,https://d25d2506sfb94s.cloudfront.net/cumulus_uploads/document/0uu9s6hmxg/tabs_Trump_Tweets_20191021.pdf,62451,111791,10/24/2019,4/30/2020 15:46
Donald Trump,Voters,4/30/2020,10/22/2019,3/21/2020,YouGov,B-,760,rv,0.10851434,0,43,55,42.27513,54.554317,,,https://d25d2506sfb94s.cloudfront.net/cumulus_uploads/document/sthn30h9ra/tabs_Trump_Tweets_20191022.pdf,62452,111793,10/24/2019,4/30/2020 15:46
Donald Trump,Voters,4/30/2020,10/23/2019,3/21/2020,YouGov,B-,796,rv,0.11426273,0,44,53,43.27513,52.554317,,,https://d25d2506sfb94s.cloudfront.net/cumulus_uploads/document/n6eptjt8hw/tabs_Trump_Tweets_20191023.pdf,62461,111858,10/25/2019,4/30/2020 15:46
Donald Trump,Voters,4/30/2020,10/24/2019,3/20/2020,YouGov,B-,751,rv,0.10780133,0,44,54,43.27513,53.554317,,,https://d25d2506sfb94s.cloudfront.net/cumulus_uploads/document/9z58umpou7/tabs_Trump_Tweets_20191024.pdf,62480,112332,10/25/2019,4/30/2020 15:46
Donald Trump,Voters,4/30/2020,10/25/2019,3/20/2020,YouGov,B-,719,rv,0.10268312,0,44,52,43.27513,51.554317,,,https://d25d2506sfb94s.cloudfront.net/cumulus_uploads/document/a6nkmjtboi/tabs_Trump_Tweets_20191025.pdf,62498,112372,10/26/2019,4/30/2020 15:46
Donald Trump,Voters,4/30/2020,10/26/2019,3/20/2020,YouGov,B-,759,rv,0.1078019,0,45,52,44.27513,51.554317,,,https://d25d2506sfb94s.cloudfront.net/cumulus_uploads/document/odycfw7wft/tabs_Trump_Tweets_20191026.pdf,62499,112374,10/27/2019,4/30/2020 15:46
Donald Trump,Voters,4/30/2020,10/27/2019,3/19/2020,YouGov,B-,798,rv,0.11274611,0,45,52,44.27513,51.554317,,,https://d25d2506sfb94s.cloudfront.net/cumulus_uploads/document/f31uutfs37/tabs_Trump_Tweets_20191027.pdf,62506,112404,10/29/2019,4/30/2020 15:46
Donald Trump,Voters,4/30/2020,10/27/2019,3/19/2020,YouGov,B-,1274,rv,0.17999818,0,45,53,44.27513,52.554317,,,https://d25d2506sfb94s.cloudfront.net/cumulus_uploads/document/zgaz948hzw/econTabReport.pdf,62515,112444,10/30/2019,4/30/2020 15:46
Donald Trump,Voters,4/30/2020,10/28/2019,3/19/2020,YouGov,B-,709,rv,0.10080305,0,45,52,44.27513,51.554317,,,https://d25d2506sfb94s.cloudfront.net/cumulus_uploads/document/rgdk94i5i4/tabs_Trump_Tweets_20191028.pdf,62511,112433,10/29/2019,4/30/2020 15:46
Donald Trump,Voters,4/30/2020,10/29/2019,3/19/2020,YouGov,B-,781,rv,0.11167951,0,44,54,43.27513,53.554317,,,https://d25d2506sfb94s.cloudfront.net/cumulus_uploads/document/w0970skexv/tabs_Trump_Tweets_20191029.pdf,62523,112541,10/31/2019,4/30/2020 15:46
Donald Trump,Voters,4/30/2020,10/30/2019,3/19/2020,YouGov,B-,760,rv,0.10937572,0,47,51,46.27513,50.554317,,,https://d25d2506sfb94s.cloudfront.net/cumulus_uploads/document/enukkt5s1p/tabs_Trump_Tweets_20191030.pdf,62526,112547,11/1/2019,4/30/2020 15:46
Donald Trump,Voters,4/30/2020,10/31/2019,3/18/2020,YouGov,B-,712,rv,0.10250001,0,43,54,42.27513,53.554317,,,https://d25d2506sfb94s.cloudfront.net/cumulus_uploads/document/6o5vpigimd/tabs_Trump_Tweets_20191031.pdf,62534,112566,11/2/2019,4/30/2020 15:46
Donald Trump,Voters,4/30/2020,11/1/2019,3/18/2020,YouGov,B-,706,rv,0.10108214,0,43,55,42.27513,54.554317,,,https://d25d2506sfb94s.cloudfront.net/cumulus_uploads/document/r4w0otx94s/tabs_Trump_Tweets_20191101.pdf,62535,112570,11/3/2019,4/30/2020 15:46
Donald Trump,Voters,4/30/2020,11/2/2019,3/18/2020,YouGov,B-,723,rv,0.10324527,0,46,52,45.27513,51.554317,,,https://d25d2506sfb94s.cloudfront.net/cumulus_uploads/document/h58b8rwx2b/tabs_Trump_Tweets_20191102.pdf,62558,112720,11/5/2019,4/30/2020 15:46
Donald Trump,Voters,4/30/2020,11/3/2019,3/18/2020,YouGov,B-,773,rv,0.10972308,0,44,54,43.27513,53.554317,,,https://d25d2506sfb94s.cloudfront.net/cumulus_uploads/document/3qh2gx6p7u/tabs_Trump_Tweets_20191103.pdf,62559,112722,11/5/2019,4/30/2020 15:46
Donald Trump,Voters,4/30/2020,11/3/2019,3/17/2020,YouGov,B-,1201,rv,0.17047532,0,45,53,44.27513,52.554317,,,https://d25d2506sfb94s.cloudfront.net/cumulus_uploads/document/cseozthmrp/econTabReport.pdf,62570,112748,11/6/2019,4/30/2020 15:46
Donald Trump,Voters,4/30/2020,11/4/2019,3/17/2020,YouGov,B-,731,rv,0.10422498,0,44,54,43.27513,53.554317,,,https://d25d2506sfb94s.cloudfront.net/cumulus_uploads/document/e6r4dom684/tabs_Trump_Tweets_20191104.pdf,62568,112745,11/5/2019,4/30/2020 15:46
Donald Trump,Voters,4/30/2020,11/5/2019,3/17/2020,YouGov,B-,746,rv,0.1068295,0,46,52,45.27513,51.554317,,,https://d25d2506sfb94s.cloudfront.net/cumulus_uploads/document/dgi90uhi6q/tabs_Trump_Tweets_20191105.pdf,62577,112840,11/7/2019,4/30/2020 15:46
Donald Trump,Voters,4/30/2020,11/6/2019,3/17/2020,YouGov,B-,767,rv,0.1103393,0,43,54,42.27513,53.554317,,,https://d25d2506sfb94s.cloudfront.net/cumulus_uploads/document/g0a01vex1e/tabs_Trump_Tweets_20191106.pdf,62586,112850,11/7/2019,4/30/2020 15:46
Donald Trump,Voters,4/30/2020,11/7/2019,3/17/2020,YouGov,B-,771,rv,0.11083216,0,46,52,45.27513,51.554317,,,https://d25d2506sfb94s.cloudfront.net/cumulus_uploads/document/ojghan9fq2/tabs_Trump_Tweets_20191107.pdf,62609,112928,11/13/2019,4/30/2020 15:46
Donald Trump,Voters,4/30/2020,11/8/2019,3/17/2020,YouGov,B-,756,rv,0.1079837,0,44,55,43.27513,54.554317,,,https://d25d2506sfb94s.cloudfront.net/cumulus_uploads/document/ioiyd1qstn/tabs_Trump_Tweets_20191108.pdf,62610,112930,11/13/2019,4/30/2020 15:46
Donald Trump,Voters,4/30/2020,11/9/2019,3/16/2020,YouGov,B-,716,rv,0.10166326,0,43,57,42.27513,56.554317,,,https://d25d2506sfb94s.cloudfront.net/cumulus_uploads/document/p967cymv6b/tabs_Trump_Tweets_20191109.pdf,62611,112932,11/13/2019,4/30/2020 15:46
Donald Trump,Voters,4/30/2020,11/10/2019,3/16/2020,YouGov,B-,1206,rv,0.16947426,0,43,55,42.27513,54.554317,,,https://d25d2506sfb94s.cloudfront.net/cumulus_uploads/document/7umtlf80ov/econTabReport.pdf,62614,112938,11/13/2019,4/30/2020 15:46
Donald Trump,Voters,4/30/2020,11/10/2019,3/16/2020,YouGov,B-,804,rv,0.11298284,0,45,53,44.27513,52.554317,,,https://d25d2506sfb94s.cloudfront.net/cumulus_uploads/document/i7hqcpcskp/tabs_Trump_Tweets_20191110.pdf,62612,112934,11/13/2019,4/30/2020 15:46
Donald Trump,Voters,4/30/2020,11/11/2019,3/15/2020,YouGov,B-,714,rv,0.10040302,0,44,54,43.27513,53.554317,,,https://d25d2506sfb94s.cloudfront.net/cumulus_uploads/document/egdzvdn4x6/tabs_Trump_Tweets_20191111.pdf,62613,112936,11/13/2019,4/30/2020 15:46
Donald Trump,Voters,4/30/2020,11/13/2019,3/15/2020,YouGov,B-,768,rv,0.1073283,0,44,54,43.27513,53.554317,,,https://d25d2506sfb94s.cloudfront.net/cumulus_uploads/document/iqt9xhqbgs/tabs_Trump_Tweets_20191113.pdf,62634,113120,11/15/2019,4/30/2020 15:46
Donald Trump,Voters,4/30/2020,11/12/2019,3/15/2020,YouGov,B-,728,rv,0.10173828,0,41,57,40.27513,56.554317,,,https://d25d2506sfb94s.cloudfront.net/cumulus_uploads/document/ahgzh00uhe/tabs_Trump_Tweets_20191112.pdf,62633,113118,11/15/2019,4/30/2020 15:46
Donald Trump,Voters,4/30/2020,11/14/2019,3/15/2020,YouGov,B-,742,rv,0.10318975,0,44,54,43.27513,53.554317,,,https://d25d2506sfb94s.cloudfront.net/cumulus_uploads/document/bgiow5ae13/tabs_Trump_Tweets_20191114.pdf,62651,113165,11/18/2019,4/30/2020 15:46
Donald Trump,Voters,4/30/2020,11/15/2019,3/15/2020,YouGov,B-,737,rv,0.10146541,0,43,55,42.27513,54.554317,,,https://d25d2506sfb94s.cloudfront.net/cumulus_uploads/document/c4u71i8etb/tabs_Trump_Tweets_20191115.pdf,62652,113167,11/18/2019,4/30/2020 15:46
Donald Trump,Voters,4/30/2020,11/16/2019,3/14/2020,YouGov,B-,756,rv,0.10306698,0,45,54,44.27513,53.554317,,,https://d25d2506sfb94s.cloudfront.net/cumulus_uploads/document/id55dqc51d/tabs_Trump_Tweets_20191116.pdf,62653,113169,11/18/2019,4/30/2020 15:46
Donald Trump,Voters,4/30/2020,11/17/2019,3/14/2020,YouGov,B-,742,rv,0.10022212,0,45,53,44.27513,52.554317,,,https://d25d2506sfb94s.cloudfront.net/cumulus_uploads/document/8b2ew7ip39/tabs_Trump_Tweets_20191117.pdf,62665,113223,11/19/2019,4/30/2020 15:46
Donald Trump,Voters,4/30/2020,11/17/2019,3/14/2020,YouGov,B-,1224,rv,0.16532598,0,44,54,43.27513,53.554317,,,https://d25d2506sfb94s.cloudfront.net/cumulus_uploads/document/u9tu99dui5/econTabReport.pdf,62670,113259,11/20/2019,4/30/2020 15:46
Donald Trump,Voters,4/30/2020,11/18/2019,3/14/2020,YouGov,B-,726,rv,0.09809946,0,46,51,45.27513,50.554317,,,https://d25d2506sfb94s.cloudfront.net/cumulus_uploads/document/k21glcyt2h/tabs_Trump_Tweets_20191118.pdf,62716,113427,11/21/2019,4/30/2020 15:46
Donald Trump,Voters,4/30/2020,11/19/2019,3/13/2020,YouGov,B-,729,rv,0.09854883,0,44,54,43.27513,53.554317,,,https://d25d2506sfb94s.cloudfront.net/cumulus_uploads/document/nb8jp3wyqb/tabs_Trump_Tweets_20191119.pdf,62717,113429,11/21/2019,4/30/2020 15:46
Donald Trump,Voters,4/30/2020,11/20/2019,3/13/2020,YouGov,B-,718,rv,0.09708991,0,44,54,43.27513,53.554317,,,https://d25d2506sfb94s.cloudfront.net/cumulus_uploads/document/iwb4gwnexe/tabs_Trump_Tweets_20191120.pdf,62940,113847,11/22/2019,4/30/2020 15:46
Donald Trump,Voters,4/30/2020,11/20/2019,3/13/2020,YouGov,B-,1002,rv,0.13549317,0,45,53,44.27513,52.554317,,,https://today.yougov.com/topics/politics/articles-reports/2019/11/25/education-partisan-splits-trump-impeachment,62967,115151,12/23/2019,4/30/2020 15:46
Donald Trump,Voters,4/30/2020,11/21/2019,3/13/2020,YouGov,B-,759,rv,0.10311349,0,45,53,44.27513,52.554317,,,https://d25d2506sfb94s.cloudfront.net/cumulus_uploads/document/0ui8buavlq/tabs_Trump_Tweets_20191121.pdf,62960,113895,11/22/2019,4/30/2020 15:46
Donald Trump,Voters,4/30/2020,11/22/2019,3/12/2020,YouGov,B-,743,rv,0.10089307,0,42,55,41.27513,54.554317,,,https://d25d2506sfb94s.cloudfront.net/cumulus_uploads/document/i9zj8c7pic/tabs_Trump_Tweets_20191122.pdf,62963,113903,11/25/2019,4/30/2020 15:46
Donald Trump,Voters,4/30/2020,11/23/2019,3/12/2020,YouGov,B-,732,rv,0.0993801,0,44,53,43.27513,52.554317,,,https://d25d2506sfb94s.cloudfront.net/cumulus_uploads/document/eqnyk9uo09/tabs_Trump_Tweets_20191123.pdf,62964,113905,11/25/2019,4/30/2020 15:46
Donald Trump,Voters,4/30/2020,11/24/2019,3/12/2020,YouGov,B-,1189,rv,0.16116943,0,44,53,43.27513,52.554317,,,https://d25d2506sfb94s.cloudfront.net/cumulus_uploads/document/a10nw9wbas/econTabReport.pdf,62982,114023,11/27/2019,4/30/2020 15:46
Donald Trump,Voters,4/30/2020,11/24/2019,3/12/2020,YouGov,B-,728,rv,0.09868069,0,45,53,44.27513,52.554317,,,https://d25d2506sfb94s.cloudfront.net/cumulus_uploads/document/a5a654rlr3/tabs_Trump_Tweets_20191124.pdf,62993,114147,12/2/2019,4/30/2020 15:46
Donald Trump,Voters,4/30/2020,11/25/2019,3/12/2020,YouGov,B-,749,rv,0.10205457,0,43,55,42.27513,54.554317,,,https://d25d2506sfb94s.cloudfront.net/cumulus_uploads/document/zxfj1yh5oz/tabs_Trump_Tweets_20191125.pdf,62994,114149,12/2/2019,4/30/2020 15:46
Donald Trump,Voters,4/30/2020,11/26/2019,3/11/2020,YouGov,B-,715,rv,0.09794079,0,43,54,42.27513,53.554317,,,https://d25d2506sfb94s.cloudfront.net/cumulus_uploads/document/bqfygqheje/tabs_Trump_Tweets_20191126.pdf,62995,114151,12/2/2019,4/30/2020 15:46
Donald Trump,Voters,4/30/2020,11/27/2019,3/11/2020,YouGov,B-,682,rv,0.09389542,0,44,53,43.27513,52.554317,,,https://d25d2506sfb94s.cloudfront.net/cumulus_uploads/document/cnk8nsq34u/tabs_Trump_Tweets_20191127.pdf,62996,114153,12/2/2019,4/30/2020 15:46
Donald Trump,Voters,4/30/2020,11/28/2019,3/11/2020,YouGov,B-,709,rv,0.09746342,0,44,54,43.27513,53.554317,,,https://d25d2506sfb94s.cloudfront.net/cumulus_uploads/document/7cmrri1drk/tabs_Trump_Tweets_20191128.pdf,62997,114155,12/2/2019,4/30/2020 15:46
Donald Trump,Voters,4/30/2020,11/29/2019,3/11/2020,YouGov,B-,712,rv,0.0972298,0,43,55,42.27513,54.554317,,,https://d25d2506sfb94s.cloudfront.net/cumulus_uploads/document/uxj9dp0yrl/tabs_Trump_Tweets_20191129.pdf,62998,114157,12/2/2019,4/30/2020 15:46
Donald Trump,Voters,4/30/2020,11/30/2019,3/10/2020,YouGov,B-,705,rv,0.09559129,0,44,55,43.27513,54.554317,,,https://d25d2506sfb94s.cloudfront.net/cumulus_uploads/document/3tnq4jie82/tabs_Trump_Tweets_20191130.pdf,62999,114159,12/2/2019,4/30/2020 15:46
Donald Trump,Voters,4/30/2020,12/1/2019,3/10/2020,YouGov,B-,755,rv,0.10159752,0,45,54,44.27513,53.554317,,,https://d25d2506sfb94s.cloudfront.net/cumulus_uploads/document/1tuq8elp7f/tabs_Trump_Tweets_20191201.pdf,63008,114256,12/4/2019,4/30/2020 15:46
Donald Trump,Voters,4/30/2020,12/1/2019,3/9/2020,YouGov,B-,1200,rv,0.16147951,0,46,52,45.27513,51.554317,,,https://d25d2506sfb94s.cloudfront.net/cumulus_uploads/document/799kgtotz3/econTabReport.pdf,63007,114181,12/4/2019,4/30/2020 15:46
Donald Trump,Voters,4/30/2020,12/2/2019,3/9/2020,YouGov,B-,763,rv,0.10253546,0,44,54,43.27513,53.554317,,,https://d25d2506sfb94s.cloudfront.net/cumulus_uploads/document/b4esr2fawy/tabs_Trump_Tweets_20191202.pdf,63014,114266,12/4/2019,4/30/2020 15:46
Donald Trump,Voters,4/30/2020,12/3/2019,3/9/2020,YouGov,B-,749,rv,0.10058464,0,42,56,41.27513,55.554317,,,https://d25d2506sfb94s.cloudfront.net/cumulus_uploads/document/8l46zqptrg/tabs_Trump_Tweets_20191203.pdf,63022,114287,12/6/2019,4/30/2020 15:46
Donald Trump,Voters,4/30/2020,12/4/2019,3/9/2020,YouGov,B-,764,rv,0.10255089,0,44,53,43.27513,52.554317,,,https://d25d2506sfb94s.cloudfront.net/cumulus_uploads/document/612tko912u/tabs_Trump_Tweets_20191204.pdf,63021,114285,12/6/2019,4/30/2020 15:46
Donald Trump,Voters,4/30/2020,12/4/2019,3/9/2020,YouGov,B-,1017,rv,0.1365108,0,44,53,43.27513,52.554317,,,https://today.yougov.com/topics/politics/articles-reports/2019/12/09/how-impeachment-ends-poll,63033,115148,12/23/2019,4/30/2020 15:46
Donald Trump,Voters,4/30/2020,12/5/2019,3/8/2020,YouGov,B-,745,rv,0.10041437,0,47,51,46.27513,50.554317,,,https://d25d2506sfb94s.cloudfront.net/cumulus_uploads/document/mya3a527bp/tabs_Trump_Tweets_20191205.pdf,63030,114345,12/9/2019,4/30/2020 15:46
Donald Trump,Voters,4/30/2020,12/6/2019,3/8/2020,YouGov,B-,746,rv,0.10047787,0,44,53,43.27513,52.554317,,,https://d25d2506sfb94s.cloudfront.net/cumulus_uploads/document/4la29xd2e2/tabs_Trump_Tweets_20191206.pdf,63031,114347,12/9/2019,4/30/2020 15:46
Donald Trump,Voters,4/30/2020,12/7/2019,3/8/2020,YouGov,B-,758,rv,0.10202449,0,43,53,42.27513,52.554317,,,https://d25d2506sfb94s.cloudfront.net/cumulus_uploads/document/mssog22poq/tabs_Trump_Tweets_20191207.pdf,63032,114349,12/9/2019,4/30/2020 15:46
Donald Trump,Voters,4/30/2020,12/7/2019,3/8/2020,YouGov,B-,1209,rv,0.16197652,0,44,53,43.27513,52.554317,,,https://d25d2506sfb94s.cloudfront.net/cumulus_uploads/document/4yqcix83qw/econTabReport.pdf,63065,114566,12/11/2019,4/30/2020 15:46
Donald Trump,Voters,4/30/2020,12/8/2019,3/8/2020,YouGov,B-,756,rv,0.10128556,0,45,52,44.27513,51.554317,,,https://d25d2506sfb94s.cloudfront.net/cumulus_uploads/document/j711vncto3/tabs_Trump_Tweets_20191208.pdf,63066,114568,12/11/2019,4/30/2020 15:46
Donald Trump,Voters,4/30/2020,12/9/2019,3/8/2020,YouGov,B-,744,rv,0.10053319,0,45,53,44.27513,52.554317,,,https://d25d2506sfb94s.cloudfront.net/cumulus_uploads/document/xz59tps7o8/tabs_Trump_Tweets_20191209.pdf,63067,114570,12/11/2019,4/30/2020 15:46
Donald Trump,Voters,4/30/2020,12/10/2019,3/7/2020,YouGov,B-,723,rv,0.09830005,0,44,54,43.27513,53.554317,,,https://d25d2506sfb94s.cloudfront.net/cumulus_uploads/document/o698p9lsfk/tabs_Trump_Tweets_20191210.pdf,63089,114835,12/12/2019,4/30/2020 15:46
Donald Trump,Voters,4/30/2020,12/11/2019,3/7/2020,YouGov,B-,809,rv,0.11066981,0,45,54,44.27513,53.554317,,,https://d25d2506sfb94s.cloudfront.net/cumulus_uploads/document/sg2ngujxic/tabs_Trump_Tweets_20191211.pdf,63092,114864,12/13/2019,4/30/2020 15:46
Donald Trump,Voters,4/30/2020,12/12/2019,3/6/2020,YouGov,B-,732,rv,0.10025907,0,43,53,42.27513,52.554317,,,https://d25d2506sfb94s.cloudfront.net/cumulus_uploads/document/paetri2pus/tabs_Trump_Tweets_20191212.pdf,63114,114887,12/14/2019,4/30/2020 15:46
Donald Trump,Voters,4/30/2020,12/13/2019,3/5/2020,YouGov,B-,735,rv,0.10057168,0,44,55,43.27513,54.554317,,,https://s.crunch.io/widget/index.html#/ds/ae7b5c1a8d274851bdd1822ef0158154/row/000023/filt/9ff072fa8cb145e6914406d218903755?viz=groupedBarPlot&cp=percent&dp=0&grp=stack,63174,115127,12/23/2019,4/30/2020 15:46
Donald Trump,Voters,4/30/2020,12/14/2019,3/4/2020,YouGov,B-,715,rv,0.09747792,0,44,54,43.27513,53.554317,,,https://d25d2506sfb94s.cloudfront.net/cumulus_uploads/document/bocq5m9yv0/tabs_Trump_Tweets_20191214.pdf,63175,115129,12/23/2019,4/30/2020 15:46
Donald Trump,Voters,4/30/2020,12/15/2019,3/4/2020,YouGov,B-,750,rv,0.10184387,0,44,55,43.27513,54.554317,,,https://d25d2506sfb94s.cloudfront.net/cumulus_uploads/document/kl4s44sm0h/tabs_Trump_Tweets_20191215.pdf,63176,115131,12/23/2019,4/30/2020 15:46
Donald Trump,Voters,4/30/2020,12/14/2019,3/4/2020,YouGov,B-,1164,rv,0.15806168,0,44,53,43.27513,52.554317,,,https://d25d2506sfb94s.cloudfront.net/cumulus_uploads/document/ua3ar45wbg/econTabReport.pdf,63146,114972,12/18/2019,4/30/2020 15:46
Donald Trump,Voters,4/30/2020,12/16/2019,3/4/2020,YouGov,B-,748,rv,0.10174338,0,44,54,43.27513,53.554317,,,https://d25d2506sfb94s.cloudfront.net/cumulus_uploads/document/djb7yg479k/tabs_Trump_Tweets_20191216.pdf,63177,115133,12/23/2019,4/30/2020 15:46
Donald Trump,Voters,4/30/2020,12/17/2019,3/3/2020,YouGov,B-,742,rv,0.10110792,0,44,54,43.27513,53.554317,,,https://d25d2506sfb94s.cloudfront.net/cumulus_uploads/document/ffkwqry89h/tabs_Trump_Tweets_20191217.pdf,63178,115135,12/23/2019,4/30/2020 15:46
Donald Trump,Voters,4/30/2020,12/18/2019,3/3/2020,YouGov,B-,710,rv,0.09692284,0,44,54,43.27513,53.554317,,,https://d25d2506sfb94s.cloudfront.net/cumulus_uploads/document/uptyctr51u/tabs_Trump_Tweets_20191218.pdf,63179,115137,12/23/2019,4/30/2020 15:46
Donald Trump,Voters,4/30/2020,12/18/2019,3/3/2020,YouGov,B-,1117,rv,0.15248284,0,45,53,44.27513,52.554317,,,https://today.yougov.com/topics/politics/articles-reports/2019/12/23/americans-approve-congress-impeachment,63184,115150,12/23/2019,4/30/2020 15:46
Donald Trump,Voters,4/30/2020,12/19/2019,3/3/2020,YouGov,B-,701,rv,0.09599238,0,44,54,43.27513,53.554317,,,https://d25d2506sfb94s.cloudfront.net/cumulus_uploads/document/nlh284uioc/tabs_Trump_Tweets_20191219.pdf,63180,115139,12/23/2019,4/30/2020 15:46
Donald Trump,Voters,4/30/2020,12/20/2019,3/2/2020,YouGov,B-,716,rv,0.09804642,0,43,55,42.27513,54.554317,,,https://d25d2506sfb94s.cloudfront.net/cumulus_uploads/document/5xyj34p2yj/tabs_Trump_Tweets_20191220.pdf,63181,115141,12/23/2019,4/30/2020 15:46
Donald Trump,Voters,4/30/2020,12/21/2019,3/1/2020,YouGov,B-,756,rv,0.10373268,0,44,54,43.27513,53.554317,,,https://d25d2506sfb94s.cloudfront.net/cumulus_uploads/document/sz58ityxaa/tabs_Trump_Tweets_20191221.pdf,63193,115257,12/30/2019,4/30/2020 15:46
Donald Trump,Voters,4/30/2020,12/22/2019,3/1/2020,YouGov,B-,1240,rv,0.17051426,0,43,54,42.27513,53.554317,,,https://d25d2506sfb94s.cloudfront.net/cumulus_uploads/document/t4lyjjoemc/econTabReport.pdf,63187,115173,12/25/2019,4/30/2020 15:46
Donald Trump,Voters,4/30/2020,12/22/2019,3/1/2020,YouGov,B-,716,rv,0.09845824,0,43,54,42.27513,53.554317,,,https://d25d2506sfb94s.cloudfront.net/cumulus_uploads/document/zjazqdf9sx/tabs_Trump_Tweets_20191222.pdf,63194,115259,12/30/2019,4/30/2020 15:46
Donald Trump,Voters,4/30/2020,12/23/2019,3/1/2020,YouGov,B-,705,rv,0.09869048,0,43,55,42.27513,54.554317,,,https://d25d2506sfb94s.cloudfront.net/cumulus_uploads/document/ezddmttd30/tabs_Trump_Tweets_20191223.pdf,63195,115261,12/30/2019,4/30/2020 15:46
Donald Trump,Voters,4/30/2020,12/24/2019,2/29/2020,YouGov,B-,720,rv,0.10079028,0,44,54,43.27513,53.554317,,,https://d25d2506sfb94s.cloudfront.net/cumulus_uploads/document/mwzdkdbw45/tabs_Trump_Tweets_20191224.pdf,63196,115263,12/30/2019,4/30/2020 15:46
Donald Trump,Voters,4/30/2020,12/25/2019,2/29/2020,YouGov,B-,727,rv,0.10304715,0,45,53,44.27513,52.554317,,,https://d25d2506sfb94s.cloudfront.net/cumulus_uploads/document/zv7j4vepmx/tabs_Trump_Tweets_20191225.pdf,63197,115265,12/30/2019,4/30/2020 15:46
Donald Trump,Voters,4/30/2020,12/26/2019,2/28/2020,YouGov,B-,739,rv,0.10546866,0,45,53,44.27513,52.554317,,,https://d25d2506sfb94s.cloudfront.net/cumulus_uploads/document/hleihr9hk4/tabs_Trump_Tweets_20191226.pdf,63198,115267,12/30/2019,4/30/2020 15:46
Donald Trump,Voters,4/30/2020,12/27/2019,2/27/2020,YouGov,B-,724,rv,0.10348599,0,44,53,43.27513,52.554317,,,https://d25d2506sfb94s.cloudfront.net/cumulus_uploads/document/rutvx5c2ho/tabs_Trump_Tweets_20191227.pdf,63199,115269,12/30/2019,4/30/2020 15:46
Donald Trump,Voters,4/30/2020,12/28/2019,2/27/2020,YouGov,B-,739,rv,0.10577486,0,43,54,42.27513,53.554317,,,https://d25d2506sfb94s.cloudfront.net/cumulus_uploads/document/7fz4i8nbt3/tabs_Trump_Tweets_20191228.pdf,63200,115271,12/30/2019,4/30/2020 15:46
Donald Trump,Voters,4/30/2020,12/29/2019,2/27/2020,YouGov,B-,740,rv,0.10611308,0,44,55,43.27513,54.554317,,,https://d25d2506sfb94s.cloudfront.net/cumulus_uploads/document/1px5uywpsm/tabs_Trump_Tweets_20191229.pdf,63205,115310,12/31/2019,4/30/2020 15:46
Donald Trump,Voters,4/30/2020,12/28/2019,2/27/2020,YouGov,B-,1123,rv,0.16103376,0,44,53,43.27513,52.554317,,,https://d25d2506sfb94s.cloudfront.net/cumulus_uploads/document/2r6hyqtv9p/econTabReport.pdf,63206,115312,1/1/2020,4/30/2020 15:46
Donald Trump,Voters,4/30/2020,12/30/2019,2/26/2020,YouGov,B-,719,rv,0.10378986,0,44,54,43.27513,53.554317,,,https://s.crunch.io/widget/index.html#/ds/9f4f39ee872147c0a612c5b854b0d0aa/row/000019/filt/754926515b19465ba9bbcd153dc4ef05?viz=groupedBarPlot&cp=percent&dp=0&grp=stack,63207,115314,1/1/2020,4/30/2020 15:46
Donald Trump,Voters,4/30/2020,12/31/2019,2/26/2020,YouGov,B-,721,rv,0.10508857,0,43,55,42.27513,54.554317,,,https://d25d2506sfb94s.cloudfront.net/cumulus_uploads/document/vv47l93e4u/tabs_Trump_Tweets_20191231.pdf,63219,115404,1/6/2020,4/30/2020 15:46
Donald Trump,Voters,4/30/2020,1/1/2020,2/25/2020,YouGov,B-,712,rv,0.10446637,0,44,54,43.27513,53.554317,,,https://d25d2506sfb94s.cloudfront.net/cumulus_uploads/document/14iusws1ki/tabs_Trump_Tweets_20200101.pdf,63220,115406,1/6/2020,4/30/2020 15:46
Donald Trump,Voters,4/30/2020,1/2/2020,2/25/2020,YouGov,B-,686,rv,0.10073503,0,43,54,42.27513,53.554317,,,https://d25d2506sfb94s.cloudfront.net/cumulus_uploads/document/azsa7mmfnt/tabs_Trump_Tweets_20200102.pdf,63221,115408,1/6/2020,4/30/2020 15:46
Donald Trump,Voters,4/30/2020,1/3/2020,2/25/2020,YouGov,B-,685,rv,0.10005734,0,43,55,42.27513,54.554317,,,https://d25d2506sfb94s.cloudfront.net/cumulus_uploads/document/ukg7y57pvc/tabs_Trump_Tweets_20200103.pdf,63222,115410,1/6/2020,4/30/2020 15:46
Donald Trump,Voters,4/30/2020,1/4/2020,2/24/2020,YouGov,B-,731,rv,0.10650334,0,44,54,43.27513,53.554317,,,https://d25d2506sfb94s.cloudfront.net/cumulus_uploads/document/a0gqw2dnwi/tabs_Trump_Tweets_20200104.pdf,63223,115412,1/6/2020,4/30/2020 15:46
Donald Trump,Voters,4/30/2020,1/5/2020,2/23/2020,YouGov,B-,712,rv,0.10316174,0,43,55,42.27513,54.554317,,,https://d25d2506sfb94s.cloudfront.net/cumulus_uploads/document/zw7xbvkq12/tabs_Trump_Tweets_20200105.pdf,63235,115531,1/8/2020,4/30/2020 15:46
Donald Trump,Voters,4/30/2020,1/5/2020,2/23/2020,YouGov,B-,1185,rv,0.17169475,0,43,54,42.27513,53.554317,,,https://d25d2506sfb94s.cloudfront.net/cumulus_uploads/document/6s5t9qkjll/econTabReport.pdf,63231,115451,1/8/2020,4/30/2020 15:46
Donald Trump,Voters,4/30/2020,1/6/2020,2/23/2020,YouGov,B-,767,rv,0.11165773,0,43,56,42.27513,55.554317,,,https://d25d2506sfb94s.cloudfront.net/cumulus_uploads/document/6zpbbvnric/tabs_Trump_Tweets_20200106.pdf,63236,115533,1/8/2020,4/30/2020 15:46
Donald Trump,Voters,4/30/2020,1/7/2020,2/23/2020,YouGov,B-,728,rv,0.106526,0,44,53,43.27513,52.554317,,,https://d25d2506sfb94s.cloudfront.net/cumulus_uploads/document/5ypdicwu91/tabs_Trump_Tweets_20200107.pdf,63248,115589,1/9/2020,4/30/2020 15:46
Donald Trump,Voters,4/30/2020,1/8/2020,2/22/2020,YouGov,B-,740,rv,0.10917376,0,45,53,44.27513,52.554317,,,http://s.crunch.io/widget/index.html#/ds/7091c1c8782e45e082a1bee39185042f/row/38uxWk5rsV924IwATwqBNQ000030/filt/6f6d0774114e4e70b57231fe7f1a724a?viz=groupedBarPlot&cp=percent&dp=0&grp=stack,63250,115593,1/10/2020,4/30/2020 15:46
Donald Trump,Voters,4/30/2020,1/9/2020,2/21/2020,YouGov,B-,745,rv,0.10975518,0,44,54,43.27513,53.554317,,,https://d25d2506sfb94s.cloudfront.net/cumulus_uploads/document/xmszqqmmra/tabs_Trump_Tweets_20200109.pdf,63259,115635,1/13/2020,4/30/2020 15:46
Donald Trump,Voters,4/30/2020,1/10/2020,2/20/2020,YouGov,B-,754,rv,0.11039774,0,43,55,42.27513,54.554317,,,https://d25d2506sfb94s.cloudfront.net/cumulus_uploads/document/s5scx3m1q6/tabs_Trump_Tweets_20200110.pdf,63260,115637,1/13/2020,4/30/2020 15:46
Donald Trump,Voters,4/30/2020,1/11/2020,2/20/2020,YouGov,B-,743,rv,0.10811012,0,42,55,41.27513,54.554317,,,https://d25d2506sfb94s.cloudfront.net/cumulus_uploads/document/zqrpyqtdri/tabs_Trump_Tweets_20200111.pdf,63261,115639,1/13/2020,4/30/2020 15:46
Donald Trump,Voters,4/30/2020,1/11/2020,2/19/2020,YouGov,B-,1108,rv,0.16024096,0,46,50,45.27513,49.554317,,,https://d25d2506sfb94s.cloudfront.net/cumulus_uploads/document/ueji3eha6i/econTabReport.pdf,63278,115711,1/15/2020,4/30/2020 15:46
Donald Trump,Voters,4/30/2020,1/12/2020,2/19/2020,YouGov,B-,792,rv,0.11454047,0,44,54,43.27513,53.554317,,,https://d25d2506sfb94s.cloudfront.net/cumulus_uploads/document/038b4962tj/tabs_Trump_Tweets_20200112.pdf,63272,115689,1/14/2020,4/30/2020 15:46
Donald Trump,Voters,4/30/2020,1/13/2020,2/19/2020,YouGov,B-,719,rv,0.10438653,0,43,54,42.27513,53.554317,,,https://d25d2506sfb94s.cloudfront.net/cumulus_uploads/document/evxvpmre5q/tabs_Trump_Tweets_20200113.pdf,63284,115816,1/15/2020,4/30/2020 15:46
Donald Trump,Voters,4/30/2020,1/14/2020,2/18/2020,YouGov,B-,743,rv,0.10834721,0,42,56,41.27513,55.554317,,,https://d25d2506sfb94s.cloudfront.net/cumulus_uploads/document/7jhxz1vion/tabs_Trump_Tweets_20200114.pdf,63293,115872,1/17/2020,4/30/2020 15:46
Donald Trump,Voters,4/30/2020,1/15/2020,2/18/2020,YouGov,B-,731,rv,0.10711409,0,43,56,42.27513,55.554317,,,https://d25d2506sfb94s.cloudfront.net/cumulus_uploads/document/k5cg02ur8s/tabs_Trump_Tweets_20200115.pdf,63294,115874,1/17/2020,4/30/2020 15:46
Donald Trump,Voters,4/30/2020,1/16/2020,2/18/2020,YouGov,B-,722,rv,0.10563292,0,47,51,46.27513,50.554317,,,https://d25d2506sfb94s.cloudfront.net/cumulus_uploads/document/hutlsy7uha/tabs_Trump_Tweets_20200116.pdf,63325,116022,1/22/2020,4/30/2020 15:46
Donald Trump,Voters,4/30/2020,1/17/2020,2/17/2020,YouGov,B-,746,rv,0.10840487,0,44,54,43.27513,53.554317,,,https://d25d2506sfb94s.cloudfront.net/cumulus_uploads/document/nz8d5tdiqd/tabs_Trump_Tweets_20200117.pdf,63326,116024,1/22/2020,4/30/2020 15:46
Donald Trump,Voters,4/30/2020,1/19/2020,2/17/2020,YouGov,B-,1176,rv,0.16698726,0,47,51,46.27513,50.554317,,,https://d25d2506sfb94s.cloudfront.net/cumulus_uploads/document/alq58zq5zt/econTabReport.pdf,63323,115965,1/22/2020,4/30/2020 15:46
Donald Trump,Voters,4/30/2020,1/18/2020,2/17/2020,YouGov,B-,734,rv,0.10422504,0,45,53,44.27513,52.554317,,,https://d25d2506sfb94s.cloudfront.net/cumulus_uploads/document/uaz6m0m661/tabs_Trump_Tweets_20200118.pdf,63327,116026,1/22/2020,4/30/2020 15:46
Donald Trump,Voters,4/30/2020,1/19/2020,2/17/2020,YouGov,B-,742,rv,0.10536101,0,47,51,46.27513,50.554317,,,https://d25d2506sfb94s.cloudfront.net/cumulus_uploads/document/lvnrkikji9/tabs_Trump_Tweets_20200119.pdf,63328,116028,1/22/2020,4/30/2020 15:46
Donald Trump,Voters,4/30/2020,1/20/2020,2/17/2020,YouGov,B-,777,rv,0.11058744,0,44,54,43.27513,53.554317,,,https://d25d2506sfb94s.cloudfront.net/cumulus_uploads/document/89rlj4yjhq/tabs_Trump_Tweets_20200120.pdf,63329,116047,1/22/2020,4/30/2020 15:46
Donald Trump,Voters,4/30/2020,1/21/2020,2/16/2020,YouGov,B-,729,rv,0.10403242,0,48,50,47.27513,49.554317,,,https://d25d2506sfb94s.cloudfront.net/cumulus_uploads/document/ctcjq6aynl/tabs_Trump_Tweets_20200121.pdf,63337,116069,1/23/2020,4/30/2020 15:46
Donald Trump,Voters,4/30/2020,1/22/2020,2/16/2020,YouGov,B-,731,rv,0.10455914,0,46,52,45.27513,51.554317,,,https://d25d2506sfb94s.cloudfront.net/cumulus_uploads/document/egn8rqi8aj/tabs_Trump_Tweets_20200122.pdf,63345,116090,1/24/2020,4/30/2020 15:46
Donald Trump,Voters,4/30/2020,1/23/2020,2/16/2020,YouGov,B-,797,rv,0.11356462,0,45,54,44.27513,53.554317,,,https://d25d2506sfb94s.cloudfront.net/cumulus_uploads/document/eb88270y31/tabs_Trump_Tweets_20200123.pdf,63346,116092,1/24/2020,4/30/2020 15:46
Donald Trump,Voters,4/30/2020,1/24/2020,2/15/2020,YouGov,B-,719,rv,0.10157694,0,45,53,44.27513,52.554317,,,https://d25d2506sfb94s.cloudfront.net/cumulus_uploads/document/g29ex2tjoc/tabs_Trump_Tweets_20200124.pdf,63353,116150,1/26/2020,4/30/2020 15:46
Donald Trump,Voters,4/30/2020,1/25/2020,2/15/2020,YouGov,B-,729,rv,0.10241378,0,42,56,41.27513,55.554317,,,https://d25d2506sfb94s.cloudfront.net/cumulus_uploads/document/w2grfxqhgc/tabs_Trump_Tweets_20200125.pdf,63398,116373,1/30/2020,4/30/2020 15:46
Donald Trump,Voters,4/30/2020,1/26/2020,2/15/2020,YouGov,B-,1182,rv,0.16462202,0,44,53,43.27513,52.554317,,,https://d25d2506sfb94s.cloudfront.net/cumulus_uploads/document/3ormein07a/econTabReport.pdf,63386,116272,1/29/2020,4/30/2020 15:46
Donald Trump,Voters,4/30/2020,1/26/2020,2/15/2020,YouGov,B-,842,rv,0.11726882,0,43,55,42.27513,54.554317,,,https://d25d2506sfb94s.cloudfront.net/cumulus_uploads/document/gwzqk5a497/tabs_Trump_Tweets_20200126.pdf,63399,116375,1/30/2020,4/30/2020 15:46
Donald Trump,Voters,4/30/2020,1/27/2020,2/15/2020,YouGov,B-,808,rv,0.11315248,0,45,53,44.27513,52.554317,,,https://d25d2506sfb94s.cloudfront.net/cumulus_uploads/document/spsqg7t018/tabs_Trump_Tweets_20200127.pdf,63400,116377,1/30/2020,4/30/2020 15:46
Donald Trump,Voters,4/30/2020,1/28/2020,2/14/2020,YouGov,B-,772,rv,0.10846783,0,43,56,42.27513,55.554317,,,https://d25d2506sfb94s.cloudfront.net/cumulus_uploads/document/idqvabvyvp/tabs_Trump_Tweets_20200128.pdf,63401,116379,1/30/2020,4/30/2020 15:46
Donald Trump,Voters,4/30/2020,1/29/2020,2/13/2020,YouGov,B-,750,rv,0.10523523,0,44,54,43.27513,53.554317,,,https://d25d2506sfb94s.cloudfront.net/cumulus_uploads/document/u1exp7ujm4/tabs_Trump_Tweets_20200129.pdf,63497,116771,2/10/2020,4/30/2020 15:46
Donald Trump,Voters,4/30/2020,1/30/2020,2/13/2020,YouGov,B-,714,rv,0.09988314,0,45,54,44.27513,53.554317,,,https://d25d2506sfb94s.cloudfront.net/cumulus_uploads/document/kru87d8my0/tabs_Trump_Tweets_20200130.pdf,63498,116773,2/10/2020,4/30/2020 15:46
Donald Trump,Voters,4/30/2020,1/31/2020,2/13/2020,YouGov,B-,729,rv,0.10078451,0,45,52,44.27513,51.554317,,,https://d25d2506sfb94s.cloudfront.net/cumulus_uploads/document/2pgm42kdsw/tabs_Trump_Tweets_20200131.pdf,63499,116775,2/10/2020,4/30/2020 15:46
Donald Trump,Voters,4/30/2020,2/1/2020,2/12/2020,YouGov,B-,788,rv,0.1076203,0,44,54,43.27513,53.554317,,,https://d25d2506sfb94s.cloudfront.net/cumulus_uploads/document/nisfz64rhl/tabs_Trump_Tweets_20200201.pdf,63500,116777,2/10/2020,4/30/2020 15:46
Donald Trump,Voters,4/30/2020,2/2/2020,2/11/2020,YouGov,B-,1277,rv,0.17187163,0,44,54,43.27513,53.554317,,,https://d25d2506sfb94s.cloudfront.net/cumulus_uploads/document/73jqd6u5mv/econTabReport.pdf,63451,116585,2/5/2020,4/30/2020 15:46
Donald Trump,Voters,4/30/2020,2/2/2020,2/11/2020,YouGov,B-,710,rv,0.09555901,0,44,55,43.27513,54.554317,,,https://d25d2506sfb94s.cloudfront.net/cumulus_uploads/document/99o7o0saje/tabs_Trump_Tweets_20200202.pdf,63501,116779,2/10/2020,4/30/2020 15:46
Donald Trump,Voters,4/30/2020,2/3/2020,2/11/2020,YouGov,B-,722,rv,0.09653487,0,43,55,42.27513,54.554317,,,https://d25d2506sfb94s.cloudfront.net/cumulus_uploads/document/1p01s05ef9/tabs_Trump_Tweets_20200203.pdf,63502,116781,2/10/2020,4/30/2020 15:46
Donald Trump,Voters,4/30/2020,2/5/2020,2/11/2020,YouGov,B-,750,rv,0.09824603,0,45,52,44.27513,51.554317,,,https://d25d2506sfb94s.cloudfront.net/cumulus_uploads/document/zfak0ljfew/tabs_Trump_Tweets_20200205.pdf,63504,116785,2/10/2020,4/30/2020 15:46
Donald Trump,Voters,4/30/2020,2/4/2020,2/10/2020,YouGov,B-,701,rv,0.09182729,0,48,50,47.27513,49.554317,,,https://d25d2506sfb94s.cloudfront.net/cumulus_uploads/document/o85dpul2ao/tabs_Trump_Tweets_20200204.pdf,63503,116783,2/10/2020,4/30/2020 15:46
Donald Trump,Voters,4/30/2020,2/6/2020,2/10/2020,YouGov,B-,736,rv,0.09297463,0,44,54,43.27513,53.554317,,,https://d25d2506sfb94s.cloudfront.net/cumulus_uploads/document/iwqkfwkh2i/tabs_Trump_Tweets_20200206.pdf,63505,116787,2/10/2020,4/30/2020 15:46
Donald Trump,Voters,4/30/2020,2/7/2020,2/9/2020,YouGov,B-,745,rv,0.09411155,0,45,52,44.27513,51.554317,,,https://d25d2506sfb94s.cloudfront.net/cumulus_uploads/document/1efmi91els/tabs_Trump_Tweets_20200207.pdf,63506,116789,2/10/2020,4/30/2020 15:46
Donald Trump,Voters,4/30/2020,2/8/2020,2/9/2020,YouGov,B-,703,rv,0.08731316,0,43,55,42.27513,54.554317,,,https://d25d2506sfb94s.cloudfront.net/cumulus_uploads/document/at3zf94oqq/tabs_Trump_Tweets_20200208.pdf,63507,116791,2/10/2020,4/30/2020 15:46
Donald Trump,Voters,4/30/2020,2/3/2020,2/9/2020,YouGov,B-,1200,rv,0.14904096,0,43.1,51.9,42.37513,51.454317,,,https://smpa.gwu.edu/sites/g/files/zaxdzs2046/f/downloads/GW%20Politics%20Poll%20February%202020%20Toplines%20Final%20%281%29%20%283%29%20%281%29.pdf,64592,119160,2/27/2020,4/30/2020 15:46
Donald Trump,Voters,4/30/2020,2/9/2020,2/9/2020,YouGov,B-,737,rv,0.09098406,0,42,55,41.27513,54.554317,,,https://d25d2506sfb94s.cloudfront.net/cumulus_uploads/document/ybjegkeyd8/tabs_Trump_Tweets_20200209.pdf,63519,116881,2/11/2020,4/30/2020 15:46
Donald Trump,Voters,4/30/2020,2/9/2020,2/9/2020,YouGov,B-,1140,rv,0.14073519,0,45,52,44.27513,51.554317,,,https://d25d2506sfb94s.cloudfront.net/cumulus_uploads/document/79zfxkws33/econTabReport.pdf,63523,116887,2/12/2020,4/30/2020 15:46
Donald Trump,Voters,4/30/2020,2/10/2020,2/7/2020,YouGov,B-,750,rv,0.09271323,0,44,54,43.27513,53.554317,,,https://d25d2506sfb94s.cloudfront.net/cumulus_uploads/document/ijk0ayz5t2/tabs_Trump_Tweets_20200210.pdf,63525,116942,2/12/2020,4/30/2020 15:46
Donald Trump,Voters,4/30/2020,2/11/2020,2/7/2020,YouGov,B-,819,rv,0.10139708,0,44,54,43.27513,53.554317,,,https://d25d2506sfb94s.cloudfront.net/cumulus_uploads/document/pcyqhljo6n/tabs_Trump_Tweets_20200211.pdf,64132,118000,2/17/2020,4/30/2020 15:46
Donald Trump,Voters,4/30/2020,2/12/2020,2/5/2020,YouGov,B-,1530,rv,0.1898676,0,46,52,45.27513,51.554317,,,https://d25d2506sfb94s.cloudfront.net/cumulus_uploads/document/yb2c6wah77/20200213_yahoo_primary_toplines.pdf,64030,117929,2/16/2020,4/30/2020 15:46
Donald Trump,Voters,4/30/2020,2/13/2020,2/5/2020,YouGov,B-,717,rv,0.08936835,0,44,54,43.27513,53.554317,,,https://d25d2506sfb94s.cloudfront.net/cumulus_uploads/document/wtlazvlvc6/tabs_Trump_Tweets_20200213.pdf,64134,118004,2/17/2020,4/30/2020 15:46
Donald Trump,Voters,4/30/2020,2/12/2020,2/5/2020,YouGov,B-,707,rv,0.08812193,0,46,50,45.27513,49.554317,,,https://d25d2506sfb94s.cloudfront.net/cumulus_uploads/document/p38h0v9rgi/tabs_Trump_Tweets_20200212.pdf,64133,118002,2/17/2020,4/30/2020 15:46
Donald Trump,Voters,4/30/2020,2/14/2020,2/5/2020,YouGov,B-,715,rv,0.08962645,0,44,54,43.27513,53.554317,,,https://d25d2506sfb94s.cloudfront.net/cumulus_uploads/document/koxadnka5g/tabs_Trump_Tweets_20200214.pdf,64135,118006,2/17/2020,4/30/2020 15:46
Donald Trump,Voters,4/30/2020,2/15/2020,2/4/2020,YouGov,B-,753,rv,0.09488767,0,44,54,43.27513,53.554317,,,https://d25d2506sfb94s.cloudfront.net/cumulus_uploads/document/xt2takzefx/tabs_Trump_Tweets_20200215.pdf,64136,118008,2/17/2020,4/30/2020 15:46
Donald Trump,Voters,4/30/2020,2/16/2020,2/4/2020,YouGov,B-,1150,rv,0.14520501,0,43,54,42.27513,53.554317,,,https://d25d2506sfb94s.cloudfront.net/cumulus_uploads/document/m3wzkd0n59/econTabReport.pdf,64407,118483,2/19/2020,4/30/2020 15:46
Donald Trump,Voters,4/30/2020,2/16/2020,2/4/2020,YouGov,B-,785,rv,0.0991182,0,45,52,44.27513,51.554317,,,https://d25d2506sfb94s.cloudfront.net/cumulus_uploads/document/70oi6e4tt8/tabs_Trump_Tweets_20200216.pdf,64463,118582,2/19/2020,4/30/2020 15:46
Donald Trump,Voters,4/30/2020,2/17/2020,2/3/2020,YouGov,B-,732,rv,0.09322048,0,46,52,45.27513,51.554317,,,https://d25d2506sfb94s.cloudfront.net/cumulus_uploads/document/tpzzbtj263/tabs_Trump_Tweets_20200217.pdf,64464,118591,2/19/2020,4/30/2020 15:46
Donald Trump,Voters,4/30/2020,2/18/2020,2/3/2020,YouGov,B-,775,rv,0.09981798,0,43,54,42.27513,53.554317,,,https://d25d2506sfb94s.cloudfront.net/cumulus_uploads/document/e0pxdboj5v/tabs_Trump_Tweets_20200218.pdf,64482,118701,2/20/2020,4/30/2020 15:46
Donald Trump,Voters,4/30/2020,2/19/2020,2/2/2020,YouGov,B-,732,rv,0.09542211,0,42,56,41.27513,55.554317,,,https://d25d2506sfb94s.cloudfront.net/cumulus_uploads/document/85jz545ijm/tabs_Trump_Tweets_20200219.pdf,64491,118741,2/21/2020,4/30/2020 15:46
Donald Trump,Voters,4/30/2020,2/20/2020,2/2/2020,YouGov,B-,681,rv,0.08874147,0,43,54,42.27513,53.554317,,,https://d25d2506sfb94s.cloudfront.net/cumulus_uploads/document/rcm7p3z8hz/tabs_Trump_Tweets_20200220.pdf,64502,118904,2/25/2020,4/30/2020 15:46
Donald Trump,Voters,4/30/2020,2/21/2020,2/2/2020,YouGov,B-,740,rv,0.09589312,0,44,53,43.27513,52.554317,,,https://d25d2506sfb94s.cloudfront.net/cumulus_uploads/document/uj0y9pmy69/tabs_Trump_Tweets_20200221.pdf,64629,119302,2/29/2020,4/30/2020 15:46
Donald Trump,Voters,4/30/2020,2/22/2020,2/1/2020,YouGov,B-,719,rv,0.09265259,0,42,56,41.27513,55.554317,,,https://d25d2506sfb94s.cloudfront.net/cumulus_uploads/document/y28sqd5q9t/tabs_Trump_Tweets_20200222.pdf,64630,119304,2/29/2020,4/30/2020 15:46
Donald Trump,Voters,4/30/2020,2/23/2020,2/1/2020,YouGov,B-,1184,rv,0.15165152,0,44,53,43.27513,52.554317,,,https://d25d2506sfb94s.cloudfront.net/cumulus_uploads/document/zye3phsf7t/econTabReport.pdf,64531,118935,2/26/2020,4/30/2020 15:46
Donald Trump,Voters,4/30/2020,2/23/2020,1/31/2020,YouGov,B-,807,rv,0.10336383,0,47,51,46.27513,50.554317,,,https://d25d2506sfb94s.cloudfront.net/cumulus_uploads/document/1dox43o440/tabs_Trump_Tweets_20200223.pdf,64631,119306,2/29/2020,4/30/2020 15:46
Donald Trump,Voters,4/30/2020,2/24/2020,1/30/2020,YouGov,B-,748,rv,0.09587622,0,43,56,42.27513,55.554317,,,https://d25d2506sfb94s.cloudfront.net/cumulus_uploads/document/w9x88vnsg2/tabs_Trump_Tweets_20200224.pdf,64632,119308,2/29/2020,4/30/2020 15:46
Donald Trump,Voters,4/30/2020,2/25/2020,1/30/2020,YouGov,B-,840,rv,0.10749459,0,42,55,41.27513,54.554317,,,https://d25d2506sfb94s.cloudfront.net/cumulus_uploads/document/zmoppm9t6d/tabs_Trump_Tweets_20200225.pdf,64633,119310,2/29/2020,4/30/2020 15:46
Donald Trump,Voters,4/30/2020,2/26/2020,1/30/2020,YouGov,B-,1662,rv,0.21268196,0,44,55,43.27513,54.554317,,,https://d25d2506sfb94s.cloudfront.net/cumulus_uploads/document/azhgftk88w/20200227_yahoo_primary_toplines.pdf,64617,119356,3/2/2020,4/30/2020 15:46
Donald Trump,Voters,4/30/2020,2/26/2020,1/29/2020,YouGov,B-,760,rv,0.09725529,0,45,53,44.27513,52.554317,,,https://d25d2506sfb94s.cloudfront.net/cumulus_uploads/document/fnbfx4va80/tabs_Trump_Tweets_20200226.pdf,64634,119312,2/29/2020,4/30/2020 15:46
Donald Trump,Voters,4/30/2020,2/27/2020,1/29/2020,YouGov,B-,749,rv,0.09680402,0,46,53,45.27513,52.554317,,,https://docs.cdn.yougov.com/szgqustin6/tabs_Trump_Tweets_20200227.pdf,64725,119695,3/5/2020,4/30/2020 15:46
Donald Trump,Voters,4/30/2020,2/28/2020,1/29/2020,YouGov,B-,769,rv,0.09996686,0,43,56,42.27513,55.554317,,,https://docs.cdn.yougov.com/j998qch0eb/tabs_Trump_Tweets_20200228.pdf,64726,119697,3/5/2020,4/30/2020 15:46
Donald Trump,Voters,4/30/2020,2/29/2020,1/29/2020,YouGov,B-,790,rv,0.10307695,0,45,53,44.27513,52.554317,,,https://docs.cdn.yougov.com/rw39y36qlr/tabs_Trump_Tweets_20200229.pdf,64728,119700,3/5/2020,4/30/2020 15:46
Donald Trump,Voters,4/30/2020,3/1/2020,1/28/2020,YouGov,B-,732,rv,0.09550928,0,43,54,42.27513,53.554317,,,https://docs.cdn.yougov.com/76eh63nhsj/tabs_Trump_Tweets_20200301.pdf,64729,119702,3/5/2020,4/30/2020 15:46
Donald Trump,Voters,4/30/2020,3/1/2020,1/28/2020,YouGov,B-,1134,rv,0.1479611,0,44,53,43.27513,52.554317,,,https://d25d2506sfb94s.cloudfront.net/cumulus_uploads/document/3rdraw493c/econTabReport.pdf,64708,119623,3/4/2020,4/30/2020 15:46
Donald Trump,Voters,4/30/2020,3/2/2020,1/28/2020,YouGov,B-,750,rv,0.0992501,0,45,53,44.27513,52.554317,,,https://docs.cdn.yougov.com/0uv91xbri1/tabs_Trump_Tweets_20200302.pdf,64730,119704,3/5/2020,4/30/2020 15:46
Donald Trump,Voters,4/30/2020,3/3/2020,1/28/2020,YouGov,B-,763,rv,0.10247828,0,45,53,44.27513,52.554317,,,https://docs.cdn.yougov.com/5e41wsj1pi/tabs_Trump_Tweets_20200303.pdf,64731,119706,3/5/2020,4/30/2020 15:46
Donald Trump,Voters,4/30/2020,3/4/2020,1/27/2020,YouGov,B-,755,rv,0.10296137,0,44,55,43.27513,54.554317,,,https://docs.cdn.yougov.com/dojx4dgn4g/tabs_Trump_Tweets_20200304.pdf,64736,119719,3/6/2020,4/30/2020 15:46
Donald Trump,Voters,4/30/2020,3/5/2020,1/27/2020,YouGov,B-,722,rv,0.09940397,0,44,55,43.27513,54.554317,,,https://docs.cdn.yougov.com/n3vpnzkblj/tabs_Trump_Tweets_20200305.pdf,64759,119794,3/9/2020,4/30/2020 15:46
Donald Trump,Voters,4/30/2020,3/6/2020,1/27/2020,YouGov,B-,712,rv,0.09837928,0,45,53,44.27513,52.554317,,,https://docs.cdn.yougov.com/8jw8aafduz/tabs_Trump_Tweets_20200306.pdf,64765,119810,3/9/2020,4/30/2020 15:46
Donald Trump,Voters,4/30/2020,3/7/2020,1/26/2020,YouGov,B-,730,rv,0.10123692,0,45,55,44.27513,54.554317,,,https://docs.cdn.yougov.com/5l905m1m3w/tabs_Trump_Tweets_20200307.pdf,64769,119821,3/9/2020,4/30/2020 15:46
Donald Trump,Voters,4/30/2020,3/8/2020,1/25/2020,YouGov,B-,1191,rv,0.1656244,0,45,52,44.27513,51.554317,,,https://docs.cdn.yougov.com/vrbl9mmctz/econTabReport.pdf,64794,119895,3/11/2020,4/30/2020 15:46
Donald Trump,Voters,4/30/2020,3/8/2020,1/24/2020,YouGov,B-,743,rv,0.10332404,0,45,53,44.27513,52.554317,,,https://docs.cdn.yougov.com/eyazug229v/tabs_Trump_Tweets_20200308.pdf,64799,119939,3/11/2020,4/30/2020 15:46
Donald Trump,Voters,4/30/2020,3/9/2020,1/24/2020,YouGov,B-,755,rv,0.10567138,0,44,54,43.27513,53.554317,,,https://docs.cdn.yougov.com/6skppne31l/tabs_Trump_Tweets_20200309.pdf,64797,119936,3/11/2020,4/30/2020 15:46
Donald Trump,Voters,4/30/2020,3/10/2020,1/24/2020,YouGov,B-,738,rv,0.10396046,0,43,55,42.27513,54.554317,,,https://docs.cdn.yougov.com/hqg0thpf9l/tabs_Trump_Tweets_20200310.pdf,64813,119974,3/12/2020,4/30/2020 15:46
Donald Trump,Voters,4/30/2020,3/11/2020,1/23/2020,YouGov,B-,761,rv,0.10784894,0,44,53,43.27513,52.554317,,,https://docs.cdn.yougov.com/3g6blry0uj/tabs_Trump_Tweets_20200311.pdf,64823,120000,3/13/2020,4/30/2020 15:46
Donald Trump,Voters,4/30/2020,3/12/2020,1/23/2020,YouGov,B-,742,rv,0.10558147,0,43,54,42.27513,53.554317,,,https://docs.cdn.yougov.com/2x7jx739g6/tabs_Trump_Tweets_20200312.pdf,64838,120047,3/16/2020,4/30/2020 15:46
Donald Trump,Voters,4/30/2020,3/13/2020,1/23/2020,YouGov,B-,725,rv,0.10268859,0,46,53,45.27513,52.554317,,,https://docs.cdn.yougov.com/w3u64atsuu/tabs_Trump_Tweets_20200313.pdf,64839,120049,3/16/2020,4/30/2020 15:46
Donald Trump,Voters,4/30/2020,3/14/2020,1/22/2020,YouGov,B-,765,rv,0.10783777,0,45,54,44.27513,53.554317,,,https://docs.cdn.yougov.com/u12j13ryhp/tabs_Trump_Tweets_20200314.pdf,64843,120068,3/16/2020,4/30/2020 15:46
Donald Trump,Voters,4/30/2020,3/15/2020,1/22/2020,YouGov,B-,1129,rv,0.15762795,0,44,54,43.27513,53.554317,,,https://docs.cdn.yougov.com/fcdckgt368/econTabReport.pdf,64872,120131,3/18/2020,4/30/2020 15:46
Donald Trump,Voters,4/30/2020,3/15/2020,1/22/2020,YouGov,B-,775,rv,0.10820342,0,47,52,46.27513,51.554317,,,https://docs.cdn.yougov.com/ffbt1slgil/tabs_Trump_Tweets_20200315.pdf,64867,120125,3/17/2020,4/30/2020 15:46
Donald Trump,Voters,4/30/2020,3/16/2020,1/22/2020,YouGov,B-,741,rv,0.10348924,0,47,53,46.27513,52.554317,,,https://docs.cdn.yougov.com/47z9wynnkt/tabs_Trump_Tweets_20200316.pdf,64873,120151,3/18/2020,4/30/2020 15:46
Donald Trump,Voters,4/30/2020,3/17/2020,1/21/2020,YouGov,B-,797,rv,0.11169215,0,46,52,45.27513,51.554317,,,https://docs.cdn.yougov.com/yp737jtf2f/tabs_Trump_Tweets_20200317.pdf,64885,120183,3/19/2020,4/30/2020 15:46
Donald Trump,Voters,4/30/2020,3/18/2020,1/21/2020,YouGov,B-,800,rv,0.11256765,0,47,52,46.27513,51.554317,,,https://docs.cdn.yougov.com/knltui5cst/tabs_Trump_Tweets_20200318.pdf,64891,120203,3/20/2020,4/30/2020 15:46
Donald Trump,Voters,4/30/2020,3/19/2020,1/21/2020,YouGov,B-,716,rv,0.1005675,0,46,51,45.27513,50.554317,,,https://docs.cdn.yougov.com/vpjg41z3ki/tabs_Trump_Tweets_20200319.pdf,64897,120216,3/23/2020,4/30/2020 15:46
Donald Trump,Voters,4/30/2020,3/20/2020,1/21/2020,YouGov,B-,743,rv,0.1036092,0,45,54,44.27513,53.554317,,,https://docs.cdn.yougov.com/hu4gx6exzg/tabs_Trump_Tweets_20200320.pdf,64898,120218,3/23/2020,4/30/2020 15:46
Donald Trump,Voters,4/30/2020,3/21/2020,1/21/2020,YouGov,B-,755,rv,0.10452348,0,47,50,46.27513,49.554317,,,https://docs.cdn.yougov.com/nsuygzx02t/tabs_Trump_Tweets_20200321.pdf,64903,120226,3/23/2020,4/30/2020 15:46
Donald Trump,Voters,4/30/2020,3/22/2020,1/20/2020,YouGov,B-,773,rv,0.10632013,0,45,54,44.27513,53.554317,,,https://docs.cdn.yougov.com/yedpqi71we/tabs_Trump_Tweets_20200322.pdf,64974,120462,3/24/2020,4/30/2020 15:46
Donald Trump,Voters,4/30/2020,3/22/2020,1/20/2020,YouGov,B-,1170,rv,0.16092439,0,47,51,46.27513,50.554317,,,https://docs.cdn.yougov.com/bfiid7tfh3/econTabReport.pdf,64980,120476,3/25/2020,4/30/2020 15:46
Donald Trump,Voters,4/30/2020,3/23/2020,1/19/2020,YouGov,B-,768,rv,0.10594859,0,46,52,45.27513,51.554317,,,https://docs.cdn.yougov.com/0viw0g2op4/tabs_Trump_Tweets_20200323.pdf,64983,120496,3/25/2020,4/30/2020 15:46
Donald Trump,Voters,4/30/2020,3/24/2020,1/19/2020,YouGov,B-,753,rv,0.10421168,0,44,53,43.27513,52.554317,,,https://docs.cdn.yougov.com/ewf3ie53zx/tabs_Trump_Tweets_20200324.pdf,64999,120536,3/26/2020,4/30/2020 15:46
Donald Trump,Voters,4/30/2020,3/25/2020,1/19/2020,YouGov,B-,761,rv,0.10567592,0,44,56,43.27513,55.554317,,,https://docs.cdn.yougov.com/k039bctlqv/tabs_Trump_Tweets_20200325.pdf,65007,120552,3/27/2020,4/30/2020 15:46
Donald Trump,Voters,4/30/2020,3/25/2020,1/19/2020,YouGov,B-,1170,rv,0.16247153,0,44,54,43.27513,53.554317,,,https://today.yougov.com/topics/politics/articles-reports/2020/03/30/yahoo-newsyougov-most-americans-heard-lot-about-pr,65013,121417,4/9/2020,4/30/2020 15:46
Donald Trump,Voters,4/30/2020,3/26/2020,1/19/2020,YouGov,B-,746,rv,0.10462159,0,44,54,43.27513,53.554317,,,https://docs.cdn.yougov.com/wqzwg5aoml/tabs_Trump_Tweets_20200326.pdf,65016,120580,3/29/2020,4/30/2020 15:46
Donald Trump,Voters,4/30/2020,3/28/2020,1/19/2020,YouGov,B-,741,rv,0.10416853,0,45,53,44.27513,52.554317,,,https://docs.cdn.yougov.com/fi73hsbq77/tabs_Trump_Tweets_20200328.pdf,65038,120655,3/31/2020,4/30/2020 15:46
Donald Trump,Voters,4/30/2020,3/29/2020,1/18/2020,YouGov,B-,1194,rv,0.16730625,0.00107039,47,50,46.27513,49.554317,,,https://docs.cdn.yougov.com/p8nwhxp50n/econTabReport.pdf,65045,120680,4/1/2020,4/30/2020 15:46
Donald Trump,Voters,4/30/2020,3/29/2020,1/16/2020,YouGov,B-,781,rv,0.10943566,0.00070015,46,53,45.27513,52.554317,,,https://docs.cdn.yougov.com/zgcsghulan/tabs_Trump_Tweets_20200329.pdf,65040,120658,3/31/2020,4/30/2020 15:46
Donald Trump,Voters,4/30/2020,3/30/2020,1/16/2020,YouGov,B-,760,rv,0.10728037,0.00136599,47,52,46.27513,51.554317,,,https://docs.cdn.yougov.com/5hqmcb2owd/tabs_Trump_Tweets_20200330.pdf,65047,120697,4/1/2020,4/30/2020 15:46
Donald Trump,Voters,4/30/2020,3/31/2020,1/16/2020,YouGov,B-,761,rv,0.10827636,0.0020584,44,54,43.27513,53.554317,,,https://docs.cdn.yougov.com/86f6ti6ctn/tabs_Trump_Tweets_20200331.pdf,65059,120726,4/2/2020,4/30/2020 15:46
Donald Trump,Voters,4/30/2020,4/1/2020,1/15/2020,YouGov,B-,751,rv,0.10776592,0.00272187,47,51,46.27513,50.554317,,,https://docs.cdn.yougov.com/wd8sr4zf3c/tabs_Trump_Tweets_20200401.pdf,65670,121348,4/5/2020,4/30/2020 15:46
Donald Trump,Voters,4/30/2020,4/2/2020,1/15/2020,YouGov,B-,722,rv,0.10394521,0.00328307,45,53,44.27513,52.554317,,,https://docs.cdn.yougov.com/g9ywn5ivba/tabs_Trump_Tweets_20200402.pdf,65671,121350,4/5/2020,4/30/2020 15:46
Donald Trump,Voters,4/30/2020,4/3/2020,1/15/2020,YouGov,B-,761,rv,0.10936165,0.00417111,44,54,43.27513,53.554317,,,https://docs.cdn.yougov.com/3gyy535sk2/tabs_Trump_Tweets_20200403.pdf,65672,121352,4/5/2020,4/30/2020 15:46
Donald Trump,Voters,4/30/2020,4/4/2020,1/14/2020,YouGov,B-,743,rv,0.10661102,0.00477657,44,55,43.27513,54.554317,,,https://docs.cdn.yougov.com/2maoidj6z2/tabs_Trump_Tweets_20200404.pdf,65677,121358,4/6/2020,4/30/2020 15:46
Donald Trump,Voters,4/30/2020,4/5/2020,1/14/2020,YouGov,B-,793,rv,0.113625,0.00586232,43,54,42.27513,53.554317,,,https://docs.cdn.yougov.com/gekugap92v/tabs_Trump_Tweets_20200405.pdf,65695,121414,4/9/2020,4/30/2020 15:46
Donald Trump,Voters,4/30/2020,4/5/2020,1/14/2020,YouGov,B-,1147,rv,0.16434789,0.00847929,45,53,44.27513,52.554317,,,https://docs.cdn.yougov.com/ogvntw3mu9/econTabReport.pdf,65691,121386,4/8/2020,4/30/2020 15:46
Donald Trump,Voters,4/30/2020,4/6/2020,1/14/2020,YouGov,B-,775,rv,0.1115332,0.0065084,43,53,42.27513,52.554317,,,https://docs.cdn.yougov.com/38z7i3o4q3/tabs_Trump_Tweets_20200406.pdf,65696,121416,4/9/2020,4/30/2020 15:46
Donald Trump,Voters,4/30/2020,4/7/2020,1/13/2020,YouGov,B-,750,rv,0.10847339,0.00707405,44,54,43.27513,53.554317,,,https://d25d2506sfb94s.cloudfront.net/cumulus_uploads/document/d56cp87ail/tabs_Trump_Tweets_20200407.pdf,65721,121473,4/10/2020,4/30/2020 15:46
Donald Trump,Voters,4/30/2020,4/8/2020,1/13/2020,YouGov,B-,787,rv,0.11477687,0.00979027,47,51,46.27513,50.554317,,,https://docs.cdn.yougov.com/dz4fseogm9/tabs_Trump_Tweets_20200408.pdf,65720,121471,4/10/2020,4/30/2020 15:46
Donald Trump,Voters,4/30/2020,4/9/2020,1/12/2020,YouGov,B-,722,rv,0.10573497,0.01117662,43,54,42.27513,53.554317,,,https://docs.cdn.yougov.com/ppndbs5ycd/tabs_Trump_Tweets_20200409.pdf,65727,121488,4/12/2020,4/30/2020 15:46
Donald Trump,Voters,4/30/2020,4/10/2020,1/12/2020,YouGov,B-,733,rv,0.10727115,0.01361722,44,54,43.27513,53.554317,,,https://docs.cdn.yougov.com/olq9cv0vhy/tabs_Trump_Tweets_20200410.pdf,65730,121492,4/13/2020,4/30/2020 15:46
Donald Trump,Voters,4/30/2020,4/11/2020,1/12/2020,YouGov,B-,759,rv,0.11108106,0.01650599,44,54,43.27513,53.554317,,,https://docs.cdn.yougov.com/y91oxx6cda/tabs_Trump_Tweets_20200411.pdf,65732,121495,4/13/2020,4/30/2020 15:46
Donald Trump,Voters,4/30/2020,4/12/2020,1/12/2020,YouGov,B-,1166,rv,0.17082715,0.02915719,45,53,44.27513,52.554317,,,https://docs.cdn.yougov.com/6fdl23u606/econTabReport.pdf,65756,121544,4/15/2020,4/30/2020 15:46
Donald Trump,Voters,4/30/2020,4/12/2020,1/11/2020,YouGov,B-,766,rv,0.11222436,0.01915472,45,53,44.27513,52.554317,,,https://docs.cdn.yougov.com/r3jaxa3owe/tabs_Trump_Tweets_20200412.pdf,65749,121532,4/14/2020,4/30/2020 15:46
Donald Trump,Voters,4/30/2020,4/13/2020,1/11/2020,YouGov,B-,719,rv,0.1066945,0.02045812,45,53,44.27513,52.554317,,,https://docs.cdn.yougov.com/d23o0y6afi/tabs_Trump_Tweets_20200413.pdf,65771,121584,4/16/2020,4/30/2020 15:46
Donald Trump,Voters,4/30/2020,4/14/2020,1/11/2020,YouGov,B-,749,rv,0.11266903,0.02400287,46,53,45.27513,52.554317,,,https://docs.cdn.yougov.com/5bycpi03tb/tabs_Trump_Tweets_20200414.pdf,65774,121595,4/16/2020,4/30/2020 15:46
Donald Trump,Voters,4/30/2020,4/15/2020,1/10/2020,YouGov,B-,743,rv,0.11338514,0.02660773,45,55,44.27513,54.554317,,,https://docs.cdn.yougov.com/ngr7x045yn/tabs_Trump_Tweets_20200415.pdf,65784,121614,4/20/2020,4/30/2020 15:46
Donald Trump,Voters,4/30/2020,4/16/2020,1/9/2020,YouGov,B-,734,rv,0.11303164,0.02912976,44,53,43.27513,52.554317,,,https://docs.cdn.yougov.com/uj64x3rf45/tabs_Trump_Tweets_20200416.pdf,65785,121616,4/20/2020,4/30/2020 15:46
Donald Trump,Voters,4/30/2020,4/17/2020,1/8/2020,YouGov,B-,720,rv,0.11143535,0.0315114,45,53,44.27513,52.554317,,,https://docs.cdn.yougov.com/32311qtqi8/tabs_Trump_Tweets_20200417.pdf,65786,121618,4/20/2020,4/30/2020 15:46
Donald Trump,Voters,4/30/2020,4/18/2020,1/8/2020,YouGov,B-,749,rv,0.11667128,0.04110219,45,54,44.27513,53.554317,,,https://docs.cdn.yougov.com/bfgckqxxt9/tabs_Trump_Tweets_20200418.pdf,65787,121620,4/20/2020,4/30/2020 15:46
Donald Trump,Voters,4/30/2020,4/19/2020,1/8/2020,YouGov,B-,1144,rv,0.18012066,0.07573526,46,51,45.27513,50.554317,,,https://docs.cdn.yougov.com/pwwefjdnsp/econTabReport.pdf,65823,121721,4/22/2020,4/30/2020 15:46
Donald Trump,Voters,4/30/2020,4/19/2020,1/7/2020,YouGov,B-,789,rv,0.12422658,0.0522335,44,53,43.27513,52.554317,,,https://docs.cdn.yougov.com/2h1a5c6lp5/tabs_Trump_Tweets_20200419.pdf,65859,121886,4/22/2020,4/30/2020 15:46
Donald Trump,Voters,4/30/2020,4/20/2020,1/7/2020,YouGov,B-,782,rv,0.12630884,0.06137941,46,52,45.27513,51.554317,,,https://docs.cdn.yougov.com/qkzpksoyjc/tabs_Trump_Tweets_20200420.pdf,65866,121905,4/22/2020,4/30/2020 15:46
Donald Trump,Voters,4/30/2020,4/21/2020,1/7/2020,YouGov,B-,725,rv,0.1207334,0.06649168,47,51,46.27513,50.554317,,,https://d25d2506sfb94s.cloudfront.net/cumulus_uploads/document/yx21n0029f/tabs_Trump_Tweets_20200421.pdf,65917,122107,4/24/2020,4/30/2020 15:46
Donald Trump,Voters,4/30/2020,4/22/2020,1/7/2020,YouGov,B-,726,rv,0.12524249,0.07702891,45,51,44.27513,50.554317,,,https://docs.cdn.yougov.com/wavd6nugts/tabs_Trump_Tweets_20200422.pdf,65916,122105,4/24/2020,4/30/2020 15:46
Donald Trump,Voters,4/30/2020,4/23/2020,1/6/2020,YouGov,B-,772,rv,0.13861055,0.09410909,45,52,44.27513,51.554317,,,https://docs.cdn.yougov.com/c362kp8q0u/tabs_Trump_Tweets_20200423.pdf,65932,122139,4/28/2020,4/30/2020 15:46
Donald Trump,Voters,4/30/2020,4/24/2020,1/6/2020,YouGov,B-,723,rv,0.13525352,0.10052226,43,57,42.27513,56.554317,,,https://docs.cdn.yougov.com/yt9phzpepx/tabs_Trump_Tweets_20200424.pdf,65933,122141,4/28/2020,4/30/2020 15:46
Donald Trump,Voters,4/30/2020,4/25/2020,1/5/2020,YouGov,B-,780,rv,0.15296465,0.12348094,47,52,46.27513,51.554317,,,https://docs.cdn.yougov.com/641tfwyhcy/tabs_Trump_Tweets_20200425.pdf,65934,122143,4/28/2020,4/30/2020 15:46
Donald Trump,Voters,4/30/2020,4/26/2020,1/4/2020,YouGov,B-,1222,rv,0.253008,0.22041925,44,53,43.27513,52.554317,,,https://docs.cdn.yougov.com/4qtpeqbqm8/econTabReport.pdf,65943,122168,4/29/2020,4/30/2020 15:46
Donald Trump,Voters,4/30/2020,4/26/2020,1/4/2020,YouGov,B-,769,rv,0.15921698,0.13870901,43,54,42.27513,53.554317,,,https://docs.cdn.yougov.com/vllepp3shj/tabs_Trump_Tweets_20200426.pdf,65935,122146,4/28/2020,4/30/2020 15:46
Donald Trump,Voters,4/30/2020,4/27/2020,1/2/2020,YouGov,B-,789,rv,0.1767585,0.16527851,42,57,41.27513,56.554317,,,https://docs.cdn.yougov.com/uu97t1wa1t/tabs_Trump_Tweets_20200427.pdf,65953,122193,4/30/2020,4/30/2020 15:46
Donald Trump,Voters,4/30/2020,4/28/2020,1/2/2020,YouGov,B-,776,rv,0.19095565,0.19095565,46,53,45.27513,52.554317,,,https://docs.cdn.yougov.com/slukih3kj5/tabs_Trump_Tweets_20200428.pdf,66007,122302,4/30/2020,4/30/2020 15:46
